/*
SQLyog Enterprise - MySQL GUI v8.05 RC 
MySQL - 5.0.51 : Database - escalationlog_db
*********************************************************************
*/

/*!40101 SET NAMES utf8 */;

/*!40101 SET SQL_MODE=''*/;

/*!40014 SET @OLD_FOREIGN_KEY_CHECKS=@@FOREIGN_KEY_CHECKS, FOREIGN_KEY_CHECKS=0 */;
/*!40101 SET @OLD_SQL_MODE=@@SQL_MODE, SQL_MODE='NO_AUTO_VALUE_ON_ZERO' */;

/*Table structure for table `brands` */

DROP TABLE IF EXISTS `brands`;

CREATE TABLE `brands` (
  `id` int(11) NOT NULL auto_increment,
  `desc` varchar(30) default NULL,
  `disable` smallint(6) default '0',
  `ordering` int(11) default '0',
  PRIMARY KEY  (`id`)
) ENGINE=MyISAM AUTO_INCREMENT=7 DEFAULT CHARSET=latin1;

/*Data for the table `brands` */

insert  into `brands`(`id`,`desc`,`disable`,`ordering`) values (1,'Straight Talk',0,4),(2,'Net10',0,2),(3,'Tracfone',0,1),(4,'Simple Mobile',0,6),(5,'telcel',0,5),(6,'Safelink',0,3);

/*Table structure for table `center` */

DROP TABLE IF EXISTS `center`;

CREATE TABLE `center` (
  `id` int(11) NOT NULL auto_increment,
  `desc` varchar(100) default NULL,
  `center_address` varchar(255) default NULL,
  `disable` tinyint(4) default '0',
  `center_acronym` varchar(3) default NULL,
  PRIMARY KEY  (`id`)
) ENGINE=MyISAM AUTO_INCREMENT=13 DEFAULT CHARSET=latin1;

/*Data for the table `center` */

insert  into `center`(`id`,`desc`,`center_address`,`disable`,`center_acronym`) values (2,'Belize City',NULL,0,'BEL'),(1,'Barranquilla',NULL,0,'BAR'),(3,'Bogota',NULL,0,'BOG'),(4,'Cebu',NULL,0,'CEB'),(5,'Guatemala City',NULL,0,'GUA'),(6,'Georgetown',NULL,0,'GEO'),(7,'Miami',NULL,0,'MIA'),(8,'Dumaguete',NULL,0,'DMG'),(11,'Bacolod',NULL,0,'BAC'),(12,'Honduras',NULL,0,'HON');

/*Table structure for table `issues` */

DROP TABLE IF EXISTS `issues`;

CREATE TABLE `issues` (
  `id` int(11) NOT NULL auto_increment,
  `desc` varchar(30) default NULL,
  `disable` smallint(6) default '0',
  PRIMARY KEY  (`id`)
) ENGINE=MyISAM AUTO_INCREMENT=30 DEFAULT CHARSET=latin1;

/*Data for the table `issues` */

insert  into `issues`(`id`,`desc`,`disable`) values (1,'Activation',0),(2,'Airtime',0),(3,'Auto-Pay',0),(4,'Complain-Customer Service',0),(5,'Coverage',0),(6,'Credit Card',0),(7,'Defective Phone',0),(8,'General Question',0),(9,'High Data Usage',0),(10,'ILD',0),(11,'Lost Phone Contacts',0),(12,'MIN Change Request',0),(13,'MMS',0),(14,'Phone Upgrade',0),(15,'Port In',0),(16,'Port Request Canceled',0),(17,'Reactivation',0),(18,'Refund',0),(19,'Replacement Phone',0),(20,'Request to Cancel Port',0),(21,'Service Due DAte',0),(22,'SIM Exchange',0),(23,'SMS',0),(24,'System Deactivation',0),(25,'Unable to Make/Receive Calls',0),(26,'Voicemail',0),(27,'Warehouse',0),(28,'Web Check Balance',0),(29,'Wrong SIM Card',0);

/*Table structure for table `log_escalation` */

DROP TABLE IF EXISTS `log_escalation`;

CREATE TABLE `log_escalation` (
  `id` int(11) NOT NULL auto_increment,
  `date_received` date default NULL,
  `es_from_id` int(11) default NULL,
  `es_from` varchar(30) default NULL,
  `cust_name` varchar(60) default NULL,
  `serial_no` varchar(25) default NULL,
  `brands_id` int(11) default NULL,
  `brands` varchar(25) default NULL,
  `issues_cat_id` int(11) default NULL,
  `issues_cat` varchar(60) default NULL,
  `issues_details` text,
  `sent_fj` varchar(4) default NULL COMMENT 'Yes / No',
  `block_email_fj` varchar(4) default NULL COMMENT 'Yes / No',
  `root_cause` text,
  `repeat_cust` varchar(4) default NULL,
  `resolution_id` int(11) default NULL,
  `resolution` varchar(60) default NULL,
  `cr_no` varchar(25) default NULL COMMENT 'Yes / No',
  `cr_deploy_date` date default NULL,
  `created_date` timestamp NOT NULL default CURRENT_TIMESTAMP,
  `user_id` int(11) default NULL,
  `user_name` varchar(25) default NULL,
  `user_fullname` varchar(60) default NULL,
  `ip_address` varchar(20) default NULL,
  `last_updateby_id` int(11) default NULL,
  `last_udpateby_name` varchar(25) default NULL,
  `last_updateby_fullname` varchar(60) default NULL,
  `last_update_date` datetime default NULL,
  `last_update_ip` varchar(20) default NULL,
  `po_cust_impact` varchar(200) default NULL,
  `es_status` varchar(10) default NULL,
  `es_min` varchar(30) default NULL,
  `es_contact` varchar(30) default NULL,
  PRIMARY KEY  (`id`),
  KEY `es_from_id_index1` (`es_from_id`),
  KEY `brands_id_index1` (`brands_id`),
  KEY `issues_cat_id_index1` (`issues_cat_id`)
) ENGINE=MyISAM AUTO_INCREMENT=19 DEFAULT CHARSET=latin1;

/*Data for the table `log_escalation` */

insert  into `log_escalation`(`id`,`date_received`,`es_from_id`,`es_from`,`cust_name`,`serial_no`,`brands_id`,`brands`,`issues_cat_id`,`issues_cat`,`issues_details`,`sent_fj`,`block_email_fj`,`root_cause`,`repeat_cust`,`resolution_id`,`resolution`,`cr_no`,`cr_deploy_date`,`created_date`,`user_id`,`user_name`,`user_fullname`,`ip_address`,`last_updateby_id`,`last_udpateby_name`,`last_updateby_fullname`,`last_update_date`,`last_update_ip`,`po_cust_impact`,`es_status`,`es_min`,`es_contact`) values (1,'2013-07-02',2,'FJ Pollak','123123','13123',2,'Net10',2,'Airtime','123123','Yes','Yes',NULL,NULL,0,'','123','2013-06-20','2013-07-20 17:43:42',2,'belron','Ron Garon','::1',2,'belron','Ron Garon','2013-07-04 21:35:38','::1','',NULL,NULL,NULL),(2,'2013-07-02',4,'Mark Mahan','123','333',1,'Straight Talk',2,'Airtime','1231231','Yes','Yes','123',NULL,NULL,NULL,'','2013-06-20','2013-07-20 17:44:07',2,'belron','Ron Garon','::1',NULL,NULL,NULL,NULL,NULL,NULL,NULL,NULL,NULL),(3,'2013-07-02',3,'Gustavo Blanco','12312312','123123',2,'Net10',1,'Activation','12312312','Yes','Yes','Sent Replacement Phone',NULL,6,'','','2013-06-22','2013-07-22 12:46:10',2,'belron','Ron Garon','::1',2,'belron','Ron Garon','2013-06-27 21:57:34','::1',NULL,NULL,NULL,NULL),(4,'2013-07-02',2,'FJ Pollak','12313','123123',1,'Straight Talk',17,'Reactivation','','Yes','Yes','',NULL,NULL,NULL,'','2013-06-22','2013-07-22 14:20:15',2,'belron','Ron Garon','::1',NULL,NULL,NULL,NULL,NULL,NULL,NULL,NULL,NULL),(5,'2013-07-02',4,'Mark Mahan','123123','12312',3,'Tracfone',3,'Auto-Pay','123123','Yes','Yes','',NULL,NULL,NULL,'','2013-06-22','2013-07-22 16:29:39',2,'belron','Ron Garon','::1',NULL,NULL,NULL,NULL,NULL,NULL,NULL,NULL,NULL),(6,'2013-07-02',4,'Mark Mahan','12312312','123123',3,'Tracfone',6,'Credit Card','123123','Yes','Yes','',NULL,NULL,NULL,'','2013-06-22','2013-07-22 16:32:17',2,'belron','Ron Garon','::1',NULL,NULL,NULL,NULL,NULL,NULL,NULL,NULL,NULL),(7,'2013-07-02',4,'Mark Mahan','13123','123123',1,'Straight Talk',2,'Airtime','123123','Yes','No','',NULL,NULL,NULL,'123132','2013-06-22','2013-07-22 18:21:59',2,'belron','Ron Garon','::1',NULL,NULL,NULL,NULL,NULL,NULL,NULL,NULL,NULL),(8,'2013-07-02',1,'America Movil','234234','234234',1,'Straight Talk',2,'Airtime','234234','Yes','Yes','',NULL,NULL,NULL,'','2013-06-23','2013-07-23 21:59:41',2,'belron','Ron Garon','::1',NULL,NULL,NULL,NULL,NULL,NULL,NULL,NULL,NULL),(9,'2013-07-02',1,'America Movil','1','2',1,'Straight Talk',1,'Activation','3','No','No','4',NULL,NULL,NULL,'6','2013-06-24','2013-07-24 03:09:27',2,'belron','Ron Garon','::1',NULL,NULL,NULL,NULL,NULL,NULL,NULL,NULL,NULL),(10,'2013-07-02',1,'America Movil','1','1',1,'Straight Talk',1,'Activation','1','No','No','1',NULL,NULL,'1','1','2013-06-24','2013-07-24 03:10:37',2,'belron','Ron Garon','::1',2,'belron','Ron Garon','2013-06-24 09:28:36','::1',NULL,NULL,NULL,NULL),(11,'2013-07-02',6,'Walmart','9','8',5,'telcel',29,'Wrong SIM Card','7','No','No','6',NULL,NULL,'5','4','2013-06-26','2013-07-24 03:22:23',2,'belron','Ron Garon','::1',2,'belron','Ron Garon','2013-06-24 09:28:48','::1',NULL,NULL,NULL,NULL),(12,'2013-07-02',1,'America Movil','1','2',1,'Straight Talk',1,'Activation','3','Yes','Yes','4',NULL,NULL,'5','6','2013-06-24','2013-07-24 03:22:53',12,'rfrancis','Robert Francis','::1',2,'belron','Ron Garon','2013-06-24 09:37:00','::1',NULL,NULL,NULL,NULL),(13,'2013-07-02',2,'FJ Pollak','123123','123213',1,'Straight Talk',2,'Airtime','123123','Yes','Yes',NULL,NULL,123,'123','','2013-06-27','2013-07-27 17:46:12',2,'belron','Ron Garon','::1',NULL,NULL,NULL,NULL,NULL,'123123',NULL,NULL,NULL),(14,'2013-07-02',2,'FJ Pollak','123123','123213',1,'Straight Talk',2,'Airtime','123123','Yes','Yes',NULL,NULL,123,'123','','2013-06-27','2013-07-27 17:46:23',2,'belron','Ron Garon','::1',NULL,NULL,NULL,NULL,NULL,'123123',NULL,NULL,NULL),(15,'2013-07-05',2,'FJ Pollak','123123','12312312',3,'Tracfone',2,'Airtime','123123','Yes','Yes','123123',NULL,0,NULL,'123123','2013-07-01','2013-07-04 18:20:08',2,'belron','Ron Garon','::1',2,'belron','Ron Garon','2013-07-05 01:33:11','::1','','Closed','123123','123123'),(16,'2013-07-05',4,'Mark Mahan','13123','123',6,'Safelink',3,'Auto-Pay','12312','Yes','Yes','123123',NULL,0,NULL,'','2013-07-04','2013-07-04 18:45:33',2,'belron','Ron Garon','::1',2,'belron','Ron Garon','2013-07-05 01:34:52','::1','12313','Opened','1212',''),(17,'2013-07-05',4,'Mark Mahan','13123','123',6,'Safelink',3,'Auto-Pay','12312','Yes','Yes','123123',NULL,0,NULL,'','0000-00-00','2013-07-04 18:47:17',2,'belron','Ron Garon','::1',2,'belron','Ron Garon','2013-07-05 01:35:01','::1','','Opened','1212',''),(18,'2013-07-05',4,'Mark Mahan','13123','123',6,'Safelink',3,'Auto-Pay','12312','Yes','Yes','123123',NULL,0,NULL,'','0000-00-00','2013-07-04 18:47:31',2,'belron','Ron Garon','::1',NULL,NULL,NULL,NULL,NULL,'','Opene','1212',NULL);

/*Table structure for table `log_issues` */

DROP TABLE IF EXISTS `log_issues`;

CREATE TABLE `log_issues` (
  `id` int(11) NOT NULL auto_increment,
  `start_date` datetime default NULL,
  `end_date` datetime default NULL,
  `issue_no` varchar(25) default NULL,
  `total_downtime` varchar(10) default NULL,
  `total_downtime_in_sec` int(11) default NULL,
  `sys_impacting` text,
  `sys_impacting_other` varchar(60) default NULL,
  `center` varchar(200) default NULL,
  `incident_no` varchar(25) default NULL,
  `issue_desc` text,
  `root_cause` varchar(60) default NULL,
  `root_cause_id` int(11) default NULL,
  `cr_no` varchar(25) default NULL,
  `cr_deploy_date` date default NULL,
  `ip_address` varchar(20) default NULL,
  `created_date` timestamp NOT NULL default CURRENT_TIMESTAMP,
  `resolve_by` varchar(40) default NULL,
  `po_cust_impact` varchar(200) default NULL,
  `ca_ticket_no` varchar(25) default NULL,
  `notification_no` varchar(25) default NULL,
  `user_id` int(11) default NULL,
  `user_name` varchar(25) default NULL,
  `user_fullname` varchar(60) default NULL,
  `last_updateby_id` int(11) default NULL,
  `last_udpateby_name` varchar(25) default NULL,
  `last_updateby_fullname` varchar(60) default NULL,
  `last_update_date` datetime default NULL,
  `last_update_ip` varchar(20) default NULL,
  `drop_calls` int(11) default '0',
  `agent_impacted` int(11) default '0',
  `staff_mia` int(11) default '0',
  `staff_atl` int(11) default '0',
  PRIMARY KEY  (`id`)
) ENGINE=MyISAM AUTO_INCREMENT=28 DEFAULT CHARSET=latin1;

/*Data for the table `log_issues` */

insert  into `log_issues`(`id`,`start_date`,`end_date`,`issue_no`,`total_downtime`,`total_downtime_in_sec`,`sys_impacting`,`sys_impacting_other`,`center`,`incident_no`,`issue_desc`,`root_cause`,`root_cause_id`,`cr_no`,`cr_deploy_date`,`ip_address`,`created_date`,`resolve_by`,`po_cust_impact`,`ca_ticket_no`,`notification_no`,`user_id`,`user_name`,`user_fullname`,`last_updateby_id`,`last_udpateby_name`,`last_updateby_fullname`,`last_update_date`,`last_update_ip`,`drop_calls`,`agent_impacted`,`staff_mia`,`staff_atl`) values (4,'2013-06-27 12:15:00','2013-06-27 12:15:00','123123','0:30',1800,'3CIActivationsAircashAirtime PurchasesAlltelAurisAutoRefill Transactions',NULL,'Belize City,Bogota','123123','','',NULL,'','2013-06-27','::1','2013-06-27 12:45:44','','','','',2,'belron','Ron Garon',NULL,NULL,NULL,NULL,NULL,NULL,NULL,NULL,NULL),(5,'2013-06-27 12:15:00','2013-06-27 12:15:00','123123','0:0',NULL,'3CIActivationsAircashAirtime PurchasesAlltelAurisAutoRefill Transactions',NULL,'Belize City,Bogota','123123','','',NULL,'','2013-06-27','::1','2013-06-27 12:45:54','','','','',2,'belron','Ron Garon',NULL,NULL,NULL,NULL,NULL,NULL,NULL,NULL,NULL),(6,'2013-06-27 12:15:00','2013-06-27 12:15:00','123123','0:0',NULL,'3CI,Activations,Aircash,Auris,AutoRefill Transactions,Billing Credit Card Transactio',NULL,'Belize City,Bogota','123123','','',NULL,'','2013-06-27','::1','2013-06-27 12:49:23','','','','',2,'belron','Ron Garon',2,'belron','Ron Garon','2013-06-27 19:25:52','::1',NULL,NULL,NULL,NULL),(7,'2013-06-27 13:15:00','2013-06-27 12:30:00','33333','0:45',2700,'Bright Point,ZED USA',NULL,'Belize City,Bogota,Guatemala City','122222','','Refund',5,'','2013-06-27','::1','2013-06-27 13:28:02','','','','',2,'belron','Ron Garon',2,'belron','Ron Garon','2013-06-27 21:53:46','::1',NULL,NULL,NULL,NULL),(8,'2013-07-01 01:15:00','2013-07-01 01:15:00','123123','0:0',NULL,'Alltel,Apex',NULL,'Belize City,Georgetown','123123123','123123','High Data Usage/Card adde',2,'123123123','2013-07-15','::1','2013-07-01 01:19:34','123123','123','12313','123',2,'belron','Ron Garon',NULL,NULL,NULL,NULL,NULL,NULL,NULL,NULL,NULL),(9,'2013-07-01 01:45:00','2013-07-01 01:45:00','123123','0:0',NULL,'Airtime Purchases,Alltel',NULL,'Barranquilla,Bogota','123123','',NULL,0,'','2013-07-01','::1','2013-07-01 01:50:15','','','','',2,'belron','Ron Garon',NULL,NULL,NULL,NULL,NULL,NULL,NULL,NULL,NULL),(10,'2013-07-01 01:45:00','2013-07-01 01:45:00','123123','0:15',900,'Airtime Purchases,Alltel',NULL,'Barranquilla,Bogota','123123','',NULL,0,'','2013-07-01','::1','2013-07-01 01:51:03','','','','',2,'belron','Ron Garon',NULL,NULL,NULL,NULL,NULL,NULL,NULL,NULL,NULL),(11,'2013-07-01 08:00:00','2013-07-01 11:15:00','123123','3:15',11700,'Activations,Aircash,Airtime Purchases',NULL,'Belize City,Bacolod','123123123','',NULL,0,'','2013-07-23','::1','2013-07-01 11:21:49','','','','',2,'belron','Ron Garon',2,'belron','Ron Garon','2013-07-04 22:13:12','::1',0,0,0,0),(12,'2013-07-01 08:15:00','2013-07-01 11:30:00','12313','3:15',11700,'Airtime Purchases,Alltel,AT&T',NULL,'Barranquilla,Georgetown','1231','','Credit Card Correction',1,'','2013-07-01','::1','2013-07-01 11:34:18','','','','',2,'belron','Ron Garon',NULL,NULL,NULL,NULL,NULL,NULL,NULL,NULL,NULL),(13,'2013-07-01 07:45:00','2013-07-01 13:00:00','122313','5:15',18900,'AT&T',NULL,'Georgetown,Dumaguete','123213','123123',NULL,0,'123123','2013-07-15','::1','2013-07-01 13:03:25','Milo','11','233',NULL,2,'belron','Ron Garon',NULL,NULL,NULL,NULL,NULL,3,56,50,12),(14,'2013-07-01 07:15:00','2013-07-01 13:00:00','11','5:45',20700,'3CI,Alltel,Apex,AT&T,Auris',NULL,'Belize City,Bogota,Guatemala City,Miami,Bacolod','111','123123','11111',2,'12122','2013-07-01','::1','2013-07-01 13:08:01','1','11','11','',2,'belron','Ron Garon',2,'belron','Ron Garon','2013-07-05 01:55:49','::1',11,11,11,11),(15,'2013-07-01 08:30:00','2013-07-01 13:00:00','212','4:30',16200,'3CI',NULL,'Bogota','12312313','123123 123 1','3123123',1,'123','2013-07-01','::1','2013-07-01 13:14:24','Milo','11','11','',2,'belron','Ron Garon',2,'belron','Ron Garon','2013-07-05 01:55:06','::1',0,45,34,12),(16,'2013-07-05 16:45:00','2013-07-05 19:45:00','123123','3:0',10800,'Activations,Aircash,Airtime Purchases,Alltel,Apex',NULL,'Belize City,Bogota','3123','12312','12313',NULL,'','0000-11-30','::1','2013-07-04 19:59:17','','','','',2,'belron','Ron Garon',2,'belron','Ron Garon','2013-07-05 01:59:53','::1',0,0,0,0),(17,'2013-07-05 09:30:00','2013-07-05 09:30:00','123123','0:0',0,'US Cellular,Verizon,WebCSR,OTHER',NULL,'Bogota,Cebu,Guatemala City,Georgetown','123213','123123','123213',NULL,'','0000-00-00','::1','2013-07-05 09:40:14','','','','',2,'belron','Ron Garon',NULL,NULL,NULL,NULL,NULL,0,0,0,0),(18,'2013-07-05 09:30:00','2013-07-05 09:30:00','12','0:0',0,'ZED USA,OTHER',NULL,'Belize City','12321','1232131','',NULL,'123123','0000-00-00','::1','2013-07-05 09:41:54','123','','123','123',2,'belron','Ron Garon',2,'belron','Ron Garon','2013-07-05 17:17:26','::1',0,0,0,0),(19,'2013-07-05 11:15:00','2013-07-05 11:15:00','123123','0:0',0,'OTHER,TEST OTHER',NULL,'Belize City,Barranquilla,Bogota,Cebu,Guatemala City,Georgetown,Miami,Dumaguete,Bacolod,Honduras','2313','','123123',NULL,'','0000-00-00','::1','2013-07-05 11:30:09','','123','','',2,'belron','Ron Garon',NULL,NULL,NULL,NULL,NULL,2,2,2,2),(20,'2013-07-05 11:30:00','2013-07-05 11:30:00','1','0:0',0,'OTHER,3123123',NULL,'Belize City,Barranquilla,Bogota,Cebu,Guatemala City,Georgetown,Miami,Dumaguete,Bacolod,Honduras','1','123','',NULL,'','0000-00-00','::1','2013-07-05 11:31:31','','','123','',2,'belron','Ron Garon',NULL,NULL,NULL,NULL,NULL,1,1,1,1),(21,'2013-07-05 11:30:00','2013-07-05 11:30:00','1','0:0',0,'ZED USA',NULL,'Belize City','s','','',NULL,'','0000-00-00','::1','2013-07-05 11:32:30','','','','',2,'belron','Ron Garon',NULL,NULL,NULL,NULL,NULL,0,0,0,0),(22,'2013-07-05 11:30:00','2013-07-05 11:30:00','1','0:0',0,'ZED USA',NULL,'Bogota','1','','1',NULL,'','0000-00-00','::1','2013-07-05 11:35:45','','','','',2,'belron','Ron Garon',NULL,NULL,NULL,NULL,NULL,0,0,0,0),(23,'2013-07-05 11:30:00','2013-07-05 11:30:00','a','0:0',0,'WebCSR,ZED USA',NULL,'Guatemala City','a','','a',NULL,'','0000-00-00','::1','2013-07-05 11:37:14','','','','',2,'belron','Ron Garon',NULL,NULL,NULL,NULL,NULL,0,0,0,0),(24,'2013-07-05 11:30:00','2013-07-05 11:30:00','a','0:0',0,'OTHER',NULL,'Bogota','as','','',NULL,'','0000-00-00','::1','2013-07-05 11:39:37','','','','',2,'belron','Ron Garon',NULL,NULL,NULL,NULL,NULL,0,0,0,0),(25,'2013-07-05 11:30:00','2013-07-05 11:30:00','1','0:0',0,'OTHER',NULL,'Belize City','123','','123',NULL,'','0000-00-00','::1','2013-07-05 11:40:01','','1','','',2,'belron','Ron Garon',NULL,NULL,NULL,NULL,NULL,1,1,0,0),(26,'2013-07-05 11:28:00','2013-07-05 11:30:00','11','0:2',120,'OTHER','TEST','Belize City,Barranquilla,Bogota,Cebu,Guatemala City,Georgetown,Miami,Dumaguete,Bacolod,Honduras','11','123123','',NULL,'','0000-00-00','::1','2013-07-05 11:44:48','','1','','',2,'belron','Ron Garon',2,'belron','Ron Garon','2013-07-05 18:16:43','::1',1,1,0,0),(27,'2013-07-05 13:26:00','2013-07-05 13:26:00',NULL,'0:0',0,'Activations,Aircash,Airtime Purchases','','Belize City,Bogota','13123','123123','12313',NULL,'','0000-00-00','::1','2013-07-05 13:26:24','','','','',2,'belron','Ron Garon',NULL,NULL,NULL,NULL,NULL,0,0,0,0);

/*Table structure for table `log_issues_sysimp_link` */

DROP TABLE IF EXISTS `log_issues_sysimp_link`;

CREATE TABLE `log_issues_sysimp_link` (
  `id` int(11) NOT NULL auto_increment,
  `log_issue_id` int(11) default NULL,
  `sys_imp_id` int(11) default NULL,
  `sys_imp` varchar(30) default NULL,
  `sys_imp_other` varchar(60) default NULL,
  `created_date` timestamp NOT NULL default CURRENT_TIMESTAMP,
  `start_date` datetime default NULL,
  `end_date` datetime default NULL,
  PRIMARY KEY  (`id`),
  KEY `NewIndex1` (`log_issue_id`),
  KEY `NewIndex2` (`sys_imp_id`)
) ENGINE=MyISAM AUTO_INCREMENT=92 DEFAULT CHARSET=latin1;

/*Data for the table `log_issues_sysimp_link` */

insert  into `log_issues_sysimp_link`(`id`,`log_issue_id`,`sys_imp_id`,`sys_imp`,`sys_imp_other`,`created_date`,`start_date`,`end_date`) values (1,6,1,'3CI',NULL,'2013-06-27 12:49:23',NULL,NULL),(2,6,2,'Activations',NULL,'2013-06-27 12:49:24',NULL,NULL),(3,6,3,'Aircash',NULL,'2013-06-27 12:49:24',NULL,NULL),(4,6,4,'Airtime Purchases',NULL,'2013-06-27 12:49:24',NULL,NULL),(5,6,5,'Alltel',NULL,'2013-06-27 12:49:24',NULL,NULL),(6,6,8,'Auris',NULL,'2013-06-27 12:49:24',NULL,NULL),(7,6,9,'AutoRefill Transactions',NULL,'2013-06-27 12:49:24',NULL,NULL),(31,7,13,'Bright Point',NULL,'2013-06-27 15:53:46',NULL,NULL),(32,7,50,'ZED USA',NULL,'2013-06-27 15:53:46',NULL,NULL),(33,8,5,'Alltel',NULL,'2013-07-01 01:19:34',NULL,NULL),(34,8,6,'Apex',NULL,'2013-07-01 01:19:34',NULL,NULL),(35,9,4,'Airtime Purchases',NULL,'2013-07-01 01:50:15','2013-07-01 01:45:00','2013-07-01 01:45:00'),(36,9,5,'Alltel',NULL,'2013-07-01 01:50:15','2013-07-01 01:45:00','2013-07-01 01:45:00'),(37,10,4,'Airtime Purchases',NULL,'2013-07-01 01:51:03','2013-07-01 01:45:00','2013-07-01 01:45:00'),(38,10,5,'Alltel',NULL,'2013-07-01 01:51:03','2013-07-01 01:45:00','2013-07-01 01:45:00'),(42,12,4,'Airtime Purchases',NULL,'2013-07-01 11:34:18','2013-07-01 08:15:00','2013-07-01 11:30:00'),(43,12,5,'Alltel',NULL,'2013-07-01 11:34:18','2013-07-01 08:15:00','2013-07-01 11:30:00'),(44,12,7,'AT&T',NULL,'2013-07-01 11:34:18','2013-07-01 08:15:00','2013-07-01 11:30:00'),(45,13,7,'AT&T',NULL,'2013-07-01 13:03:25','2013-07-01 07:45:00','2013-07-01 13:00:00'),(52,11,NULL,'Activations',NULL,'2013-07-04 16:13:12','2013-07-01 08:00:00','2013-07-01 11:15:00'),(53,11,NULL,'Aircash',NULL,'2013-07-04 16:13:12','2013-07-01 08:00:00','2013-07-01 11:15:00'),(54,11,NULL,'Airtime Purchases',NULL,'2013-07-04 16:13:12','2013-07-01 08:00:00','2013-07-01 11:15:00'),(55,15,NULL,'3CI',NULL,'2013-07-04 19:55:06','2013-07-01 08:30:00','2013-07-01 13:00:00'),(56,14,NULL,'3CI',NULL,'2013-07-04 19:55:49','2013-07-01 07:15:00','2013-07-01 13:00:00'),(57,14,NULL,'Alltel',NULL,'2013-07-04 19:55:49','2013-07-01 07:15:00','2013-07-01 13:00:00'),(58,14,NULL,'Apex',NULL,'2013-07-04 19:55:50','2013-07-01 07:15:00','2013-07-01 13:00:00'),(59,14,NULL,'AT&T',NULL,'2013-07-04 19:55:50','2013-07-01 07:15:00','2013-07-01 13:00:00'),(60,14,NULL,'Auris',NULL,'2013-07-04 19:55:50','2013-07-01 07:15:00','2013-07-01 13:00:00'),(66,16,NULL,'Activations',NULL,'2013-07-04 19:59:53','2013-07-05 16:45:00','2013-07-05 19:45:00'),(67,16,NULL,'Aircash',NULL,'2013-07-04 19:59:53','2013-07-05 16:45:00','2013-07-05 19:45:00'),(68,16,NULL,'Airtime Purchases',NULL,'2013-07-04 19:59:53','2013-07-05 16:45:00','2013-07-05 19:45:00'),(69,16,NULL,'Alltel',NULL,'2013-07-04 19:59:53','2013-07-05 16:45:00','2013-07-05 19:45:00'),(70,16,NULL,'Apex',NULL,'2013-07-04 19:59:53','2013-07-05 16:45:00','2013-07-05 19:45:00'),(71,17,47,'US Cellular',NULL,'2013-07-05 09:40:15','2013-07-05 09:30:00','2013-07-05 09:30:00'),(72,17,48,'Verizon',NULL,'2013-07-05 09:40:15','2013-07-05 09:30:00','2013-07-05 09:30:00'),(73,17,49,'WebCSR',NULL,'2013-07-05 09:40:15','2013-07-05 09:30:00','2013-07-05 09:30:00'),(74,17,51,'OTHER',NULL,'2013-07-05 09:40:15','2013-07-05 09:30:00','2013-07-05 09:30:00'),(77,18,NULL,'ZED USA',NULL,'2013-07-05 11:17:26','2013-07-05 09:30:00','2013-07-05 09:30:00'),(78,18,NULL,'OTHER',NULL,'2013-07-05 11:17:26','2013-07-05 09:30:00','2013-07-05 09:30:00'),(79,19,0,'OTHER',NULL,'2013-07-05 11:30:09','2013-07-05 11:15:00','2013-07-05 11:15:00'),(80,20,0,'OTHER',NULL,'2013-07-05 11:31:31','2013-07-05 11:30:00','2013-07-05 11:30:00'),(81,21,0,'ZED USA',NULL,'2013-07-05 11:32:30','2013-07-05 11:30:00','2013-07-05 11:30:00'),(82,22,50,'ZED USA','','2013-07-05 11:35:45','2013-07-05 11:30:00','2013-07-05 11:30:00'),(83,23,49,'WebCSR','','2013-07-05 11:37:14','2013-07-05 11:30:00','2013-07-05 11:30:00'),(84,23,50,'ZED USA','','2013-07-05 11:37:14','2013-07-05 11:30:00','2013-07-05 11:30:00'),(85,24,51,'OTHER','','2013-07-05 11:39:37','2013-07-05 11:30:00','2013-07-05 11:30:00'),(86,25,51,'OTHER','12313','2013-07-05 11:40:01','2013-07-05 11:30:00','2013-07-05 11:30:00'),(88,26,NULL,'OTHER',NULL,'2013-07-05 12:16:43','2013-07-05 11:28:00','2013-07-05 11:30:00'),(89,27,2,'Activations','','2013-07-05 13:26:24','2013-07-05 13:26:00','2013-07-05 13:26:00'),(90,27,3,'Aircash','','2013-07-05 13:26:24','2013-07-05 13:26:00','2013-07-05 13:26:00'),(91,27,4,'Airtime Purchases','','2013-07-05 13:26:25','2013-07-05 13:26:00','2013-07-05 13:26:00');

/*Table structure for table `root_cause` */

DROP TABLE IF EXISTS `root_cause`;

CREATE TABLE `root_cause` (
  `id` int(11) NOT NULL auto_increment,
  `desc` varchar(60) default NULL,
  `disable` smallint(6) default '0',
  PRIMARY KEY  (`id`)
) ENGINE=MyISAM AUTO_INCREMENT=10 DEFAULT CHARSET=latin1;

/*Data for the table `root_cause` */

insert  into `root_cause`(`id`,`desc`,`disable`) values (1,'Credit Card Correction',0),(2,'High Data Usage/Card adde',0),(3,'ILD (access number/monthly)',0),(4,'Provided Airtime',0),(5,'Refund',0),(6,'Sent Replacement Phone',0),(7,'Sent SIM Card',0),(8,'Sent to CRM',0),(9,'Upgrade/Port Completed',0);

/*Table structure for table `sessions` */

DROP TABLE IF EXISTS `sessions`;

CREATE TABLE `sessions` (
  `session_id` varchar(40) NOT NULL default '0',
  `ip_address` varchar(16) NOT NULL default '0',
  `user_agent` varchar(150) NOT NULL,
  `last_activity` int(10) unsigned NOT NULL default '0',
  `user_data` text NOT NULL,
  PRIMARY KEY  (`session_id`)
) ENGINE=MyISAM DEFAULT CHARSET=latin1;

/*Data for the table `sessions` */

insert  into `sessions`(`session_id`,`ip_address`,`user_agent`,`last_activity`,`user_data`) values ('b3342d270b1331176fb57851348e791c','10.249.96.37','Mozilla/5.0 (Windows NT 6.1; WOW64; rv:22.0) Gecko/20100101 Firefox/22.0',1373468442,'a:10:{s:9:\"user_data\";s:0:\"\";s:15:\"ESCISSL_ISLOGIN\";b:1;s:14:\"ESCISSL_USERID\";s:1:\"2\";s:17:\"ESCISSL_USER_NAME\";s:6:\"belron\";s:16:\"ESCISSL_FULLNAME\";s:9:\"Ron Garon\";s:14:\"ESCISSL_ROLEID\";s:1:\"1\";s:14:\"ESCISSL_ACCESS\";a:2:{i:0;s:1:\"1\";i:1;s:1:\"2\";}s:25:\"ESCISSL_OVESCALATION_FROM\";a:2:{s:6:\"header\";a:14:{i:0;s:4:\"From\";i:1;s:8:\"Jan 2013\";i:2;s:8:\"Feb 2013\";i:3;s:8:\"Mar 2013\";i:4;s:8:\"Apr 2013\";i:5;s:8:\"May 2013\";i:6;s:8:\"Jun 2013\";i:7;s:8:\"Jul 2013\";i:8;s:8:\"Aug 2013\";i:9;s:8:\"Sep 2013\";i:10;s:8:\"Oct 2013\";i:11;s:8:\"Nov 2013\";i:12;s:8:\"Dec 2013\";i:13;s:9:\"YTD Total\";}s:4:\"data\";a:7:{i:0;a:14:{i:0;s:13:\"America Movil\";i:1;N;i:2;N;i:3;N;i:4;N;i:5;N;i:6;N;i:7;s:1:\"4\";i:8;N;i:9;N;i:10;N;i:11;N;i:12;N;i:13;i:4;}i:1;a:14:{i:0;s:9:\"FJ Pollak\";i:1;N;i:2;N;i:3;N;i:4;N;i:5;N;i:6;N;i:7;s:1:\"5\";i:8;N;i:9;N;i:10;N;i:11;N;i:12;N;i:13;i:5;}i:2;a:14:{i:0;s:14:\"Gustavo Blanco\";i:1;N;i:2;N;i:3;N;i:4;N;i:5;N;i:6;N;i:7;s:1:\"1\";i:8;N;i:9;N;i:10;N;i:11;N;i:12;N;i:13;i:1;}i:3;a:14:{i:0;s:12:\"Steve Ritter\";i:1;N;i:2;N;i:3;N;i:4;N;i:5;N;i:6;N;i:7;N;i:8;N;i:9;N;i:10;N;i:11;N;i:12;N;i:13;N;}i:4;a:14:{i:0;s:10:\"Mark Mahan\";i:1;N;i:2;N;i:3;N;i:4;N;i:5;N;i:6;N;i:7;s:1:\"7\";i:8;N;i:9;N;i:10;N;i:11;N;i:12;N;i:13;i:7;}i:5;a:14:{i:0;s:7:\"Walmart\";i:1;N;i:2;N;i:3;N;i:4;N;i:5;N;i:6;N;i:7;s:1:\"1\";i:8;N;i:9;N;i:10;N;i:11;N;i:12;N;i:13;i:1;}i:6;a:14:{i:0;s:11:\"Grand Total\";i:1;N;i:2;N;i:3;N;i:4;N;i:5;N;i:6;N;i:7;i:18;i:8;N;i:9;N;i:10;N;i:11;N;i:12;N;i:13;i:18;}}}s:28:\"ESCISSL_OVESCALATION_DETAILS\";a:2:{s:6:\"header\";a:27:{i:0;s:10:\"Issue Type\";i:1;s:8:\"Jan 2013\";i:2;s:1:\"%\";i:3;s:8:\"Feb 2013\";i:4;s:1:\"%\";i:5;s:8:\"Mar 2013\";i:6;s:1:\"%\";i:7;s:8:\"Apr 2013\";i:8;s:1:\"%\";i:9;s:8:\"May 2013\";i:10;s:1:\"%\";i:11;s:8:\"Jun 2013\";i:12;s:1:\"%\";i:13;s:8:\"Jul 2013\";i:14;s:1:\"%\";i:15;s:8:\"Aug 2013\";i:16;s:1:\"%\";i:17;s:8:\"Sep 2013\";i:18;s:1:\"%\";i:19;s:8:\"Oct 2013\";i:20;s:1:\"%\";i:21;s:8:\"Nov 2013\";i:22;s:1:\"%\";i:23;s:8:\"Dec 2013\";i:24;s:1:\"%\";i:25;s:5:\"Total\";i:26;s:1:\"%\";}s:4:\"data\";a:30:{i:0;a:27:{i:0;s:10:\"Activation\";i:1;N;i:2;s:2:\"0%\";i:3;N;i:4;s:2:\"0%\";i:5;N;i:6;s:2:\"0%\";i:7;N;i:8;s:2:\"0%\";i:9;N;i:10;s:2:\"0%\";i:11;N;i:12;s:2:\"0%\";i:13;s:1:\"4\";i:14;s:3:\"22%\";i:15;N;i:16;s:2:\"0%\";i:17;N;i:18;s:2:\"0%\";i:19;N;i:20;s:2:\"0%\";i:21;N;i:22;s:2:\"0%\";i:23;N;i:24;s:2:\"0%\";i:25;i:4;i:26;s:3:\"22%\";}i:1;a:27:{i:0;s:7:\"Airtime\";i:1;N;i:2;s:2:\"0%\";i:3;N;i:4;s:2:\"0%\";i:5;N;i:6;s:2:\"0%\";i:7;N;i:8;s:2:\"0%\";i:9;N;i:10;s:2:\"0%\";i:11;N;i:12;s:2:\"0%\";i:13;s:1:\"7\";i:14;s:3:\"39%\";i:15;N;i:16;s:2:\"0%\";i:17;N;i:18;s:2:\"0%\";i:19;N;i:20;s:2:\"0%\";i:21;N;i:22;s:2:\"0%\";i:23;N;i:24;s:2:\"0%\";i:25;i:7;i:26;s:3:\"39%\";}i:2;a:27:{i:0;s:8:\"Auto-Pay\";i:1;N;i:2;s:2:\"0%\";i:3;N;i:4;s:2:\"0%\";i:5;N;i:6;s:2:\"0%\";i:7;N;i:8;s:2:\"0%\";i:9;N;i:10;s:2:\"0%\";i:11;N;i:12;s:2:\"0%\";i:13;s:1:\"4\";i:14;s:3:\"22%\";i:15;N;i:16;s:2:\"0%\";i:17;N;i:18;s:2:\"0%\";i:19;N;i:20;s:2:\"0%\";i:21;N;i:22;s:2:\"0%\";i:23;N;i:24;s:2:\"0%\";i:25;i:4;i:26;s:3:\"22%\";}i:3;a:27:{i:0;s:25:\"Complain-Customer Service\";i:1;N;i:2;s:2:\"0%\";i:3;N;i:4;s:2:\"0%\";i:5;N;i:6;s:2:\"0%\";i:7;N;i:8;s:2:\"0%\";i:9;N;i:10;s:2:\"0%\";i:11;N;i:12;s:2:\"0%\";i:13;N;i:14;s:2:\"0%\";i:15;N;i:16;s:2:\"0%\";i:17;N;i:18;s:2:\"0%\";i:19;N;i:20;s:2:\"0%\";i:21;N;i:22;s:2:\"0%\";i:23;N;i:24;s:2:\"0%\";i:25;N;i:26;s:2:\"0%\";}i:4;a:27:{i:0;s:8:\"Coverage\";i:1;N;i:2;s:2:\"0%\";i:3;N;i:4;s:2:\"0%\";i:5;N;i:6;s:2:\"0%\";i:7;N;i:8;s:2:\"0%\";i:9;N;i:10;s:2:\"0%\";i:11;N;i:12;s:2:\"0%\";i:13;N;i:14;s:2:\"0%\";i:15;N;i:16;s:2:\"0%\";i:17;N;i:18;s:2:\"0%\";i:19;N;i:20;s:2:\"0%\";i:21;N;i:22;s:2:\"0%\";i:23;N;i:24;s:2:\"0%\";i:25;N;i:26;s:2:\"0%\";}i:5;a:27:{i:0;s:11:\"Credit Card\";i:1;N;i:2;s:2:\"0%\";i:3;N;i:4;s:2:\"0%\";i:5;N;i:6;s:2:\"0%\";i:7;N;i:8;s:2:\"0%\";i:9;N;i:10;s:2:\"0%\";i:11;N;i:12;s:2:\"0%\";i:13;s:1:\"1\";i:14;s:2:\"6%\";i:15;N;i:16;s:2:\"0%\";i:17;N;i:18;s:2:\"0%\";i:19;N;i:20;s:2:\"0%\";i:21;N;i:22;s:2:\"0%\";i:23;N;i:24;s:2:\"0%\";i:25;i:1;i:26;s:2:\"6%\";}i:6;a:27:{i:0;s:15:\"Defective Phone\";i:1;N;i:2;s:2:\"0%\";i:3;N;i:4;s:2:\"0%\";i:5;N;i:6;s:2:\"0%\";i:7;N;i:8;s:2:\"0%\";i:9;N;i:10;s:2:\"0%\";i:11;N;i:12;s:2:\"0%\";i:13;N;i:14;s:2:\"0%\";i:15;N;i:16;s:2:\"0%\";i:17;N;i:18;s:2:\"0%\";i:19;N;i:20;s:2:\"0%\";i:21;N;i:22;s:2:\"0%\";i:23;N;i:24;s:2:\"0%\";i:25;N;i:26;s:2:\"0%\";}i:7;a:27:{i:0;s:16:\"General Question\";i:1;N;i:2;s:2:\"0%\";i:3;N;i:4;s:2:\"0%\";i:5;N;i:6;s:2:\"0%\";i:7;N;i:8;s:2:\"0%\";i:9;N;i:10;s:2:\"0%\";i:11;N;i:12;s:2:\"0%\";i:13;N;i:14;s:2:\"0%\";i:15;N;i:16;s:2:\"0%\";i:17;N;i:18;s:2:\"0%\";i:19;N;i:20;s:2:\"0%\";i:21;N;i:22;s:2:\"0%\";i:23;N;i:24;s:2:\"0%\";i:25;N;i:26;s:2:\"0%\";}i:8;a:27:{i:0;s:15:\"High Data Usage\";i:1;N;i:2;s:2:\"0%\";i:3;N;i:4;s:2:\"0%\";i:5;N;i:6;s:2:\"0%\";i:7;N;i:8;s:2:\"0%\";i:9;N;i:10;s:2:\"0%\";i:11;N;i:12;s:2:\"0%\";i:13;N;i:14;s:2:\"0%\";i:15;N;i:16;s:2:\"0%\";i:17;N;i:18;s:2:\"0%\";i:19;N;i:20;s:2:\"0%\";i:21;N;i:22;s:2:\"0%\";i:23;N;i:24;s:2:\"0%\";i:25;N;i:26;s:2:\"0%\";}i:9;a:27:{i:0;s:3:\"ILD\";i:1;N;i:2;s:2:\"0%\";i:3;N;i:4;s:2:\"0%\";i:5;N;i:6;s:2:\"0%\";i:7;N;i:8;s:2:\"0%\";i:9;N;i:10;s:2:\"0%\";i:11;N;i:12;s:2:\"0%\";i:13;N;i:14;s:2:\"0%\";i:15;N;i:16;s:2:\"0%\";i:17;N;i:18;s:2:\"0%\";i:19;N;i:20;s:2:\"0%\";i:21;N;i:22;s:2:\"0%\";i:23;N;i:24;s:2:\"0%\";i:25;N;i:26;s:2:\"0%\";}i:10;a:27:{i:0;s:19:\"Lost Phone Contacts\";i:1;N;i:2;s:2:\"0%\";i:3;N;i:4;s:2:\"0%\";i:5;N;i:6;s:2:\"0%\";i:7;N;i:8;s:2:\"0%\";i:9;N;i:10;s:2:\"0%\";i:11;N;i:12;s:2:\"0%\";i:13;N;i:14;s:2:\"0%\";i:15;N;i:16;s:2:\"0%\";i:17;N;i:18;s:2:\"0%\";i:19;N;i:20;s:2:\"0%\";i:21;N;i:22;s:2:\"0%\";i:23;N;i:24;s:2:\"0%\";i:25;N;i:26;s:2:\"0%\";}i:11;a:27:{i:0;s:18:\"MIN Change Request\";i:1;N;i:2;s:2:\"0%\";i:3;N;i:4;s:2:\"0%\";i:5;N;i:6;s:2:\"0%\";i:7;N;i:8;s:2:\"0%\";i:9;N;i:10;s:2:\"0%\";i:11;N;i:12;s:2:\"0%\";i:13;N;i:14;s:2:\"0%\";i:15;N;i:16;s:2:\"0%\";i:17;N;i:18;s:2:\"0%\";i:19;N;i:20;s:2:\"0%\";i:21;N;i:22;s:2:\"0%\";i:23;N;i:24;s:2:\"0%\";i:25;N;i:26;s:2:\"0%\";}i:12;a:27:{i:0;s:3:\"MMS\";i:1;N;i:2;s:2:\"0%\";i:3;N;i:4;s:2:\"0%\";i:5;N;i:6;s:2:\"0%\";i:7;N;i:8;s:2:\"0%\";i:9;N;i:10;s:2:\"0%\";i:11;N;i:12;s:2:\"0%\";i:13;N;i:14;s:2:\"0%\";i:15;N;i:16;s:2:\"0%\";i:17;N;i:18;s:2:\"0%\";i:19;N;i:20;s:2:\"0%\";i:21;N;i:22;s:2:\"0%\";i:23;N;i:24;s:2:\"0%\";i:25;N;i:26;s:2:\"0%\";}i:13;a:27:{i:0;s:13:\"Phone Upgrade\";i:1;N;i:2;s:2:\"0%\";i:3;N;i:4;s:2:\"0%\";i:5;N;i:6;s:2:\"0%\";i:7;N;i:8;s:2:\"0%\";i:9;N;i:10;s:2:\"0%\";i:11;N;i:12;s:2:\"0%\";i:13;N;i:14;s:2:\"0%\";i:15;N;i:16;s:2:\"0%\";i:17;N;i:18;s:2:\"0%\";i:19;N;i:20;s:2:\"0%\";i:21;N;i:22;s:2:\"0%\";i:23;N;i:24;s:2:\"0%\";i:25;N;i:26;s:2:\"0%\";}i:14;a:27:{i:0;s:7:\"Port In\";i:1;N;i:2;s:2:\"0%\";i:3;N;i:4;s:2:\"0%\";i:5;N;i:6;s:2:\"0%\";i:7;N;i:8;s:2:\"0%\";i:9;N;i:10;s:2:\"0%\";i:11;N;i:12;s:2:\"0%\";i:13;N;i:14;s:2:\"0%\";i:15;N;i:16;s:2:\"0%\";i:17;N;i:18;s:2:\"0%\";i:19;N;i:20;s:2:\"0%\";i:21;N;i:22;s:2:\"0%\";i:23;N;i:24;s:2:\"0%\";i:25;N;i:26;s:2:\"0%\";}i:15;a:27:{i:0;s:21:\"Port Request Canceled\";i:1;N;i:2;s:2:\"0%\";i:3;N;i:4;s:2:\"0%\";i:5;N;i:6;s:2:\"0%\";i:7;N;i:8;s:2:\"0%\";i:9;N;i:10;s:2:\"0%\";i:11;N;i:12;s:2:\"0%\";i:13;N;i:14;s:2:\"0%\";i:15;N;i:16;s:2:\"0%\";i:17;N;i:18;s:2:\"0%\";i:19;N;i:20;s:2:\"0%\";i:21;N;i:22;s:2:\"0%\";i:23;N;i:24;s:2:\"0%\";i:25;N;i:26;s:2:\"0%\";}i:16;a:27:{i:0;s:12:\"Reactivation\";i:1;N;i:2;s:2:\"0%\";i:3;N;i:4;s:2:\"0%\";i:5;N;i:6;s:2:\"0%\";i:7;N;i:8;s:2:\"0%\";i:9;N;i:10;s:2:\"0%\";i:11;N;i:12;s:2:\"0%\";i:13;s:1:\"1\";i:14;s:2:\"6%\";i:15;N;i:16;s:2:\"0%\";i:17;N;i:18;s:2:\"0%\";i:19;N;i:20;s:2:\"0%\";i:21;N;i:22;s:2:\"0%\";i:23;N;i:24;s:2:\"0%\";i:25;i:1;i:26;s:2:\"6%\";}i:17;a:27:{i:0;s:6:\"Refund\";i:1;N;i:2;s:2:\"0%\";i:3;N;i:4;s:2:\"0%\";i:5;N;i:6;s:2:\"0%\";i:7;N;i:8;s:2:\"0%\";i:9;N;i:10;s:2:\"0%\";i:11;N;i:12;s:2:\"0%\";i:13;N;i:14;s:2:\"0%\";i:15;N;i:16;s:2:\"0%\";i:17;N;i:18;s:2:\"0%\";i:19;N;i:20;s:2:\"0%\";i:21;N;i:22;s:2:\"0%\";i:23;N;i:24;s:2:\"0%\";i:25;N;i:26;s:2:\"0%\";}i:18;a:27:{i:0;s:17:\"Replacement Phone\";i:1;N;i:2;s:2:\"0%\";i:3;N;i:4;s:2:\"0%\";i:5;N;i:6;s:2:\"0%\";i:7;N;i:8;s:2:\"0%\";i:9;N;i:10;s:2:\"0%\";i:11;N;i:12;s:2:\"0%\";i:13;N;i:14;s:2:\"0%\";i:15;N;i:16;s:2:\"0%\";i:17;N;i:18;s:2:\"0%\";i:19;N;i:20;s:2:\"0%\";i:21;N;i:22;s:2:\"0%\";i:23;N;i:24;s:2:\"0%\";i:25;N;i:26;s:2:\"0%\";}i:19;a:27:{i:0;s:22:\"Request to Cancel Port\";i:1;N;i:2;s:2:\"0%\";i:3;N;i:4;s:2:\"0%\";i:5;N;i:6;s:2:\"0%\";i:7;N;i:8;s:2:\"0%\";i:9;N;i:10;s:2:\"0%\";i:11;N;i:12;s:2:\"0%\";i:13;N;i:14;s:2:\"0%\";i:15;N;i:16;s:2:\"0%\";i:17;N;i:18;s:2:\"0%\";i:19;N;i:20;s:2:\"0%\";i:21;N;i:22;s:2:\"0%\";i:23;N;i:24;s:2:\"0%\";i:25;N;i:26;s:2:\"0%\";}i:20;a:27:{i:0;s:16:\"Service Due DAte\";i:1;N;i:2;s:2:\"0%\";i:3;N;i:4;s:2:\"0%\";i:5;N;i:6;s:2:\"0%\";i:7;N;i:8;s:2:\"0%\";i:9;N;i:10;s:2:\"0%\";i:11;N;i:12;s:2:\"0%\";i:13;N;i:14;s:2:\"0%\";i:15;N;i:16;s:2:\"0%\";i:17;N;i:18;s:2:\"0%\";i:19;N;i:20;s:2:\"0%\";i:21;N;i:22;s:2:\"0%\";i:23;N;i:24;s:2:\"0%\";i:25;N;i:26;s:2:\"0%\";}i:21;a:27:{i:0;s:12:\"SIM Exchange\";i:1;N;i:2;s:2:\"0%\";i:3;N;i:4;s:2:\"0%\";i:5;N;i:6;s:2:\"0%\";i:7;N;i:8;s:2:\"0%\";i:9;N;i:10;s:2:\"0%\";i:11;N;i:12;s:2:\"0%\";i:13;N;i:14;s:2:\"0%\";i:15;N;i:16;s:2:\"0%\";i:17;N;i:18;s:2:\"0%\";i:19;N;i:20;s:2:\"0%\";i:21;N;i:22;s:2:\"0%\";i:23;N;i:24;s:2:\"0%\";i:25;N;i:26;s:2:\"0%\";}i:22;a:27:{i:0;s:3:\"SMS\";i:1;N;i:2;s:2:\"0%\";i:3;N;i:4;s:2:\"0%\";i:5;N;i:6;s:2:\"0%\";i:7;N;i:8;s:2:\"0%\";i:9;N;i:10;s:2:\"0%\";i:11;N;i:12;s:2:\"0%\";i:13;N;i:14;s:2:\"0%\";i:15;N;i:16;s:2:\"0%\";i:17;N;i:18;s:2:\"0%\";i:19;N;i:20;s:2:\"0%\";i:21;N;i:22;s:2:\"0%\";i:23;N;i:24;s:2:\"0%\";i:25;N;i:26;s:2:\"0%\";}i:23;a:27:{i:0;s:19:\"System Deactivation\";i:1;N;i:2;s:2:\"0%\";i:3;N;i:4;s:2:\"0%\";i:5;N;i:6;s:2:\"0%\";i:7;N;i:8;s:2:\"0%\";i:9;N;i:10;s:2:\"0%\";i:11;N;i:12;s:2:\"0%\";i:13;N;i:14;s:2:\"0%\";i:15;N;i:16;s:2:\"0%\";i:17;N;i:18;s:2:\"0%\";i:19;N;i:20;s:2:\"0%\";i:21;N;i:22;s:2:\"0%\";i:23;N;i:24;s:2:\"0%\";i:25;N;i:26;s:2:\"0%\";}i:24;a:27:{i:0;s:28:\"Unable to Make/Receive Calls\";i:1;N;i:2;s:2:\"0%\";i:3;N;i:4;s:2:\"0%\";i:5;N;i:6;s:2:\"0%\";i:7;N;i:8;s:2:\"0%\";i:9;N;i:10;s:2:\"0%\";i:11;N;i:12;s:2:\"0%\";i:13;N;i:14;s:2:\"0%\";i:15;N;i:16;s:2:\"0%\";i:17;N;i:18;s:2:\"0%\";i:19;N;i:20;s:2:\"0%\";i:21;N;i:22;s:2:\"0%\";i:23;N;i:24;s:2:\"0%\";i:25;N;i:26;s:2:\"0%\";}i:25;a:27:{i:0;s:9:\"Voicemail\";i:1;N;i:2;s:2:\"0%\";i:3;N;i:4;s:2:\"0%\";i:5;N;i:6;s:2:\"0%\";i:7;N;i:8;s:2:\"0%\";i:9;N;i:10;s:2:\"0%\";i:11;N;i:12;s:2:\"0%\";i:13;N;i:14;s:2:\"0%\";i:15;N;i:16;s:2:\"0%\";i:17;N;i:18;s:2:\"0%\";i:19;N;i:20;s:2:\"0%\";i:21;N;i:22;s:2:\"0%\";i:23;N;i:24;s:2:\"0%\";i:25;N;i:26;s:2:\"0%\";}i:26;a:27:{i:0;s:9:\"Warehouse\";i:1;N;i:2;s:2:\"0%\";i:3;N;i:4;s:2:\"0%\";i:5;N;i:6;s:2:\"0%\";i:7;N;i:8;s:2:\"0%\";i:9;N;i:10;s:2:\"0%\";i:11;N;i:12;s:2:\"0%\";i:13;N;i:14;s:2:\"0%\";i:15;N;i:16;s:2:\"0%\";i:17;N;i:18;s:2:\"0%\";i:19;N;i:20;s:2:\"0%\";i:21;N;i:22;s:2:\"0%\";i:23;N;i:24;s:2:\"0%\";i:25;N;i:26;s:2:\"0%\";}i:27;a:27:{i:0;s:17:\"Web Check Balance\";i:1;N;i:2;s:2:\"0%\";i:3;N;i:4;s:2:\"0%\";i:5;N;i:6;s:2:\"0%\";i:7;N;i:8;s:2:\"0%\";i:9;N;i:10;s:2:\"0%\";i:11;N;i:12;s:2:\"0%\";i:13;N;i:14;s:2:\"0%\";i:15;N;i:16;s:2:\"0%\";i:17;N;i:18;s:2:\"0%\";i:19;N;i:20;s:2:\"0%\";i:21;N;i:22;s:2:\"0%\";i:23;N;i:24;s:2:\"0%\";i:25;N;i:26;s:2:\"0%\";}i:28;a:27:{i:0;s:14:\"Wrong SIM Card\";i:1;N;i:2;s:2:\"0%\";i:3;N;i:4;s:2:\"0%\";i:5;N;i:6;s:2:\"0%\";i:7;N;i:8;s:2:\"0%\";i:9;N;i:10;s:2:\"0%\";i:11;N;i:12;s:2:\"0%\";i:13;s:1:\"1\";i:14;s:2:\"6%\";i:15;N;i:16;s:2:\"0%\";i:17;N;i:18;s:2:\"0%\";i:19;N;i:20;s:2:\"0%\";i:21;N;i:22;s:2:\"0%\";i:23;N;i:24;s:2:\"0%\";i:25;i:1;i:26;s:2:\"6%\";}i:29;a:27:{i:0;s:11:\"Grand Total\";i:1;N;i:2;s:2:\"0%\";i:3;N;i:4;s:2:\"0%\";i:5;N;i:6;s:2:\"0%\";i:7;N;i:8;s:2:\"0%\";i:9;N;i:10;s:2:\"0%\";i:11;N;i:12;s:2:\"0%\";i:13;i:18;i:14;s:4:\"100%\";i:15;N;i:16;s:2:\"0%\";i:17;N;i:18;s:2:\"0%\";i:19;N;i:20;s:2:\"0%\";i:21;N;i:22;s:2:\"0%\";i:23;N;i:24;s:2:\"0%\";i:25;i:18;i:26;s:4:\"100%\";}}}s:23:\"ESCISSL_OVISSUE_DETAILS\";a:2:{s:6:\"header\";a:40:{i:0;s:16:\"System Impacting\";i:1;s:8:\"Jan 2013\";i:2;s:0:\"\";i:3;s:0:\"\";i:4;s:8:\"Feb 2013\";i:5;s:0:\"\";i:6;s:0:\"\";i:7;s:8:\"Mar 2013\";i:8;s:0:\"\";i:9;s:0:\"\";i:10;s:8:\"Apr 2013\";i:11;s:0:\"\";i:12;s:0:\"\";i:13;s:8:\"May 2013\";i:14;s:0:\"\";i:15;s:0:\"\";i:16;s:8:\"Jun 2013\";i:17;s:0:\"\";i:18;s:0:\"\";i:19;s:8:\"Jul 2013\";i:20;s:0:\"\";i:21;s:0:\"\";i:22;s:8:\"Aug 2013\";i:23;s:0:\"\";i:24;s:0:\"\";i:25;s:8:\"Sep 2013\";i:26;s:0:\"\";i:27;s:0:\"\";i:28;s:8:\"Oct 2013\";i:29;s:0:\"\";i:30;s:0:\"\";i:31;s:8:\"Nov 2013\";i:32;s:0:\"\";i:33;s:0:\"\";i:34;s:8:\"Dec 2013\";i:35;s:0:\"\";i:36;s:0:\"\";i:37;s:9:\"YTD Total\";i:38;s:0:\"\";i:39;s:0:\"\";}s:4:\"data\";a:53:{i:0;a:40:{i:0;s:0:\"\";i:1;s:1:\"I\";i:2;s:1:\"A\";i:3;s:1:\"D\";i:4;s:1:\"I\";i:5;s:1:\"A\";i:6;s:1:\"D\";i:7;s:1:\"I\";i:8;s:1:\"A\";i:9;s:1:\"D\";i:10;s:1:\"I\";i:11;s:1:\"A\";i:12;s:1:\"D\";i:13;s:1:\"I\";i:14;s:1:\"A\";i:15;s:1:\"D\";i:16;s:1:\"I\";i:17;s:1:\"A\";i:18;s:1:\"D\";i:19;s:1:\"I\";i:20;s:1:\"A\";i:21;s:1:\"D\";i:22;s:1:\"I\";i:23;s:1:\"A\";i:24;s:1:\"D\";i:25;s:1:\"I\";i:26;s:1:\"A\";i:27;s:1:\"D\";i:28;s:1:\"I\";i:29;s:1:\"A\";i:30;s:1:\"D\";i:31;s:1:\"I\";i:32;s:1:\"A\";i:33;s:1:\"D\";i:34;s:1:\"I\";i:35;s:1:\"A\";i:36;s:1:\"D\";i:37;s:1:\"I\";i:38;s:1:\"A\";i:39;s:1:\"D\";}i:1;a:40:{i:0;s:3:\"3CI\";i:1;N;i:2;N;i:3;s:0:\"\";i:4;N;i:5;N;i:6;s:0:\"\";i:7;N;i:8;N;i:9;s:0:\"\";i:10;N;i:11;N;i:12;s:0:\"\";i:13;N;i:14;N;i:15;s:0:\"\";i:16;N;i:17;N;i:18;s:0:\"\";i:19;N;i:20;N;i:21;s:0:\"\";i:22;N;i:23;N;i:24;s:0:\"\";i:25;N;i:26;N;i:27;s:0:\"\";i:28;N;i:29;N;i:30;s:0:\"\";i:31;N;i:32;N;i:33;s:0:\"\";i:34;N;i:35;N;i:36;s:0:\"\";i:37;i:1;i:38;i:0;i:39;s:0:\"\";}i:2;a:40:{i:0;s:11:\"Activations\";i:1;N;i:2;N;i:3;s:0:\"\";i:4;N;i:5;N;i:6;s:0:\"\";i:7;N;i:8;N;i:9;s:0:\"\";i:10;N;i:11;N;i:12;s:0:\"\";i:13;N;i:14;N;i:15;s:0:\"\";i:16;N;i:17;N;i:18;s:0:\"\";i:19;s:1:\"1\";i:20;s:1:\"0\";i:21;s:0:\"\";i:22;N;i:23;N;i:24;s:0:\"\";i:25;N;i:26;N;i:27;s:0:\"\";i:28;N;i:29;N;i:30;s:0:\"\";i:31;N;i:32;N;i:33;s:0:\"\";i:34;N;i:35;N;i:36;s:0:\"\";i:37;i:2;i:38;i:0;i:39;s:0:\"\";}i:3;a:40:{i:0;s:7:\"Aircash\";i:1;N;i:2;N;i:3;s:0:\"\";i:4;N;i:5;N;i:6;s:0:\"\";i:7;N;i:8;N;i:9;s:0:\"\";i:10;N;i:11;N;i:12;s:0:\"\";i:13;N;i:14;N;i:15;s:0:\"\";i:16;N;i:17;N;i:18;s:0:\"\";i:19;s:1:\"1\";i:20;s:1:\"0\";i:21;s:0:\"\";i:22;N;i:23;N;i:24;s:0:\"\";i:25;N;i:26;N;i:27;s:0:\"\";i:28;N;i:29;N;i:30;s:0:\"\";i:31;N;i:32;N;i:33;s:0:\"\";i:34;N;i:35;N;i:36;s:0:\"\";i:37;i:2;i:38;i:0;i:39;s:0:\"\";}i:4;a:40:{i:0;s:17:\"Airtime Purchases\";i:1;N;i:2;N;i:3;s:0:\"\";i:4;N;i:5;N;i:6;s:0:\"\";i:7;N;i:8;N;i:9;s:0:\"\";i:10;N;i:11;N;i:12;s:0:\"\";i:13;N;i:14;N;i:15;s:0:\"\";i:16;N;i:17;N;i:18;s:0:\"\";i:19;s:1:\"4\";i:20;s:1:\"0\";i:21;s:4:\"3:30\";i:22;N;i:23;N;i:24;s:0:\"\";i:25;N;i:26;N;i:27;s:0:\"\";i:28;N;i:29;N;i:30;s:0:\"\";i:31;N;i:32;N;i:33;s:0:\"\";i:34;N;i:35;N;i:36;s:0:\"\";i:37;i:5;i:38;i:0;i:39;s:4:\"3:30\";}i:5;a:40:{i:0;s:6:\"Alltel\";i:1;N;i:2;N;i:3;s:0:\"\";i:4;N;i:5;N;i:6;s:0:\"\";i:7;N;i:8;N;i:9;s:0:\"\";i:10;N;i:11;N;i:12;s:0:\"\";i:13;N;i:14;N;i:15;s:0:\"\";i:16;N;i:17;N;i:18;s:0:\"\";i:19;s:1:\"3\";i:20;N;i:21;s:4:\"3:30\";i:22;N;i:23;N;i:24;s:0:\"\";i:25;N;i:26;N;i:27;s:0:\"\";i:28;N;i:29;N;i:30;s:0:\"\";i:31;N;i:32;N;i:33;s:0:\"\";i:34;N;i:35;N;i:36;s:0:\"\";i:37;i:5;i:38;i:0;i:39;s:4:\"3:30\";}i:6;a:40:{i:0;s:4:\"Apex\";i:1;N;i:2;N;i:3;s:0:\"\";i:4;N;i:5;N;i:6;s:0:\"\";i:7;N;i:8;N;i:9;s:0:\"\";i:10;N;i:11;N;i:12;s:0:\"\";i:13;N;i:14;N;i:15;s:0:\"\";i:16;N;i:17;N;i:18;s:0:\"\";i:19;N;i:20;N;i:21;s:0:\"\";i:22;N;i:23;N;i:24;s:0:\"\";i:25;N;i:26;N;i:27;s:0:\"\";i:28;N;i:29;N;i:30;s:0:\"\";i:31;N;i:32;N;i:33;s:0:\"\";i:34;N;i:35;N;i:36;s:0:\"\";i:37;i:1;i:38;i:0;i:39;s:0:\"\";}i:7;a:40:{i:0;s:4:\"AT&T\";i:1;N;i:2;N;i:3;s:0:\"\";i:4;N;i:5;N;i:6;s:0:\"\";i:7;N;i:8;N;i:9;s:0:\"\";i:10;N;i:11;N;i:12;s:0:\"\";i:13;N;i:14;N;i:15;s:0:\"\";i:16;N;i:17;N;i:18;s:0:\"\";i:19;s:1:\"2\";i:20;s:2:\"56\";i:21;s:4:\"8:30\";i:22;N;i:23;N;i:24;s:0:\"\";i:25;N;i:26;N;i:27;s:0:\"\";i:28;N;i:29;N;i:30;s:0:\"\";i:31;N;i:32;N;i:33;s:0:\"\";i:34;N;i:35;N;i:36;s:0:\"\";i:37;i:2;i:38;i:56;i:39;s:4:\"8:30\";}i:8;a:40:{i:0;s:5:\"Auris\";i:1;N;i:2;N;i:3;s:0:\"\";i:4;N;i:5;N;i:6;s:0:\"\";i:7;N;i:8;N;i:9;s:0:\"\";i:10;N;i:11;N;i:12;s:0:\"\";i:13;N;i:14;N;i:15;s:0:\"\";i:16;N;i:17;N;i:18;s:0:\"\";i:19;N;i:20;N;i:21;s:0:\"\";i:22;N;i:23;N;i:24;s:0:\"\";i:25;N;i:26;N;i:27;s:0:\"\";i:28;N;i:29;N;i:30;s:0:\"\";i:31;N;i:32;N;i:33;s:0:\"\";i:34;N;i:35;N;i:36;s:0:\"\";i:37;i:1;i:38;i:0;i:39;s:0:\"\";}i:9;a:40:{i:0;s:23:\"AutoRefill Transactions\";i:1;N;i:2;N;i:3;s:0:\"\";i:4;N;i:5;N;i:6;s:0:\"\";i:7;N;i:8;N;i:9;s:0:\"\";i:10;N;i:11;N;i:12;s:0:\"\";i:13;N;i:14;N;i:15;s:0:\"\";i:16;N;i:17;N;i:18;s:0:\"\";i:19;N;i:20;N;i:21;s:0:\"\";i:22;N;i:23;N;i:24;s:0:\"\";i:25;N;i:26;N;i:27;s:0:\"\";i:28;N;i:29;N;i:30;s:0:\"\";i:31;N;i:32;N;i:33;s:0:\"\";i:34;N;i:35;N;i:36;s:0:\"\";i:37;i:1;i:38;i:0;i:39;s:0:\"\";}i:10;a:40:{i:0;s:5:\"Avaya\";i:1;N;i:2;N;i:3;s:0:\"\";i:4;N;i:5;N;i:6;s:0:\"\";i:7;N;i:8;N;i:9;s:0:\"\";i:10;N;i:11;N;i:12;s:0:\"\";i:13;N;i:14;N;i:15;s:0:\"\";i:16;N;i:17;N;i:18;s:0:\"\";i:19;N;i:20;N;i:21;s:0:\"\";i:22;N;i:23;N;i:24;s:0:\"\";i:25;N;i:26;N;i:27;s:0:\"\";i:28;N;i:29;N;i:30;s:0:\"\";i:31;N;i:32;N;i:33;s:0:\"\";i:34;N;i:35;N;i:36;s:0:\"\";i:37;N;i:38;N;i:39;s:0:\"\";}i:11;a:40:{i:0;s:14:\"BI JOB FAILURE\";i:1;N;i:2;N;i:3;s:0:\"\";i:4;N;i:5;N;i:6;s:0:\"\";i:7;N;i:8;N;i:9;s:0:\"\";i:10;N;i:11;N;i:12;s:0:\"\";i:13;N;i:14;N;i:15;s:0:\"\";i:16;N;i:17;N;i:18;s:0:\"\";i:19;N;i:20;N;i:21;s:0:\"\";i:22;N;i:23;N;i:24;s:0:\"\";i:25;N;i:26;N;i:27;s:0:\"\";i:28;N;i:29;N;i:30;s:0:\"\";i:31;N;i:32;N;i:33;s:0:\"\";i:34;N;i:35;N;i:36;s:0:\"\";i:37;N;i:38;N;i:39;s:0:\"\";}i:12;a:40:{i:0;s:30:\"Billing Credit Card Transactio\";i:1;N;i:2;N;i:3;s:0:\"\";i:4;N;i:5;N;i:6;s:0:\"\";i:7;N;i:8;N;i:9;s:0:\"\";i:10;N;i:11;N;i:12;s:0:\"\";i:13;N;i:14;N;i:15;s:0:\"\";i:16;N;i:17;N;i:18;s:0:\"\";i:19;N;i:20;N;i:21;s:0:\"\";i:22;N;i:23;N;i:24;s:0:\"\";i:25;N;i:26;N;i:27;s:0:\"\";i:28;N;i:29;N;i:30;s:0:\"\";i:31;N;i:32;N;i:33;s:0:\"\";i:34;N;i:35;N;i:36;s:0:\"\";i:37;N;i:38;N;i:39;s:0:\"\";}i:13;a:40:{i:0;s:12:\"Bright Point\";i:1;N;i:2;N;i:3;s:0:\"\";i:4;N;i:5;N;i:6;s:0:\"\";i:7;N;i:8;N;i:9;s:0:\"\";i:10;N;i:11;N;i:12;s:0:\"\";i:13;N;i:14;N;i:15;s:0:\"\";i:16;N;i:17;N;i:18;s:0:\"\";i:19;N;i:20;N;i:21;s:0:\"\";i:22;N;i:23;N;i:24;s:0:\"\";i:25;N;i:26;N;i:27;s:0:\"\";i:28;N;i:29;N;i:30;s:0:\"\";i:31;N;i:32;N;i:33;s:0:\"\";i:34;N;i:35;N;i:36;s:0:\"\";i:37;i:1;i:38;i:0;i:39;s:4:\"0:45\";}i:14;a:40:{i:0;s:4:\"BYOP\";i:1;N;i:2;N;i:3;s:0:\"\";i:4;N;i:5;N;i:6;s:0:\"\";i:7;N;i:8;N;i:9;s:0:\"\";i:10;N;i:11;N;i:12;s:0:\"\";i:13;N;i:14;N;i:15;s:0:\"\";i:16;N;i:17;N;i:18;s:0:\"\";i:19;N;i:20;N;i:21;s:0:\"\";i:22;N;i:23;N;i:24;s:0:\"\";i:25;N;i:26;N;i:27;s:0:\"\";i:28;N;i:29;N;i:30;s:0:\"\";i:31;N;i:32;N;i:33;s:0:\"\";i:34;N;i:35;N;i:36;s:0:\"\";i:37;N;i:38;N;i:39;s:0:\"\";}i:15;a:40:{i:0;s:19:\"Call Center Network\";i:1;N;i:2;N;i:3;s:0:\"\";i:4;N;i:5;N;i:6;s:0:\"\";i:7;N;i:8;N;i:9;s:0:\"\";i:10;N;i:11;N;i:12;s:0:\"\";i:13;N;i:14;N;i:15;s:0:\"\";i:16;N;i:17;N;i:18;s:0:\"\";i:19;N;i:20;N;i:21;s:0:\"\";i:22;N;i:23;N;i:24;s:0:\"\";i:25;N;i:26;N;i:27;s:0:\"\";i:28;N;i:29;N;i:30;s:0:\"\";i:31;N;i:32;N;i:33;s:0:\"\";i:34;N;i:35;N;i:36;s:0:\"\";i:37;N;i:38;N;i:39;s:0:\"\";}i:16;a:40:{i:0;s:6:\"Citrix\";i:1;N;i:2;N;i:3;s:0:\"\";i:4;N;i:5;N;i:6;s:0:\"\";i:7;N;i:8;N;i:9;s:0:\"\";i:10;N;i:11;N;i:12;s:0:\"\";i:13;N;i:14;N;i:15;s:0:\"\";i:16;N;i:17;N;i:18;s:0:\"\";i:19;N;i:20;N;i:21;s:0:\"\";i:22;N;i:23;N;i:24;s:0:\"\";i:25;N;i:26;N;i:27;s:0:\"\";i:28;N;i:29;N;i:30;s:0:\"\";i:31;N;i:32;N;i:33;s:0:\"\";i:34;N;i:35;N;i:36;s:0:\"\";i:37;N;i:38;N;i:39;s:0:\"\";}i:17;a:40:{i:0;s:5:\"Claro\";i:1;N;i:2;N;i:3;s:0:\"\";i:4;N;i:5;N;i:6;s:0:\"\";i:7;N;i:8;N;i:9;s:0:\"\";i:10;N;i:11;N;i:12;s:0:\"\";i:13;N;i:14;N;i:15;s:0:\"\";i:16;N;i:17;N;i:18;s:0:\"\";i:19;N;i:20;N;i:21;s:0:\"\";i:22;N;i:23;N;i:24;s:0:\"\";i:25;N;i:26;N;i:27;s:0:\"\";i:28;N;i:29;N;i:30;s:0:\"\";i:31;N;i:32;N;i:33;s:0:\"\";i:34;N;i:35;N;i:36;s:0:\"\";i:37;N;i:38;N;i:39;s:0:\"\";}i:18;a:40:{i:0;s:11:\"Cybersource\";i:1;N;i:2;N;i:3;s:0:\"\";i:4;N;i:5;N;i:6;s:0:\"\";i:7;N;i:8;N;i:9;s:0:\"\";i:10;N;i:11;N;i:12;s:0:\"\";i:13;N;i:14;N;i:15;s:0:\"\";i:16;N;i:17;N;i:18;s:0:\"\";i:19;N;i:20;N;i:21;s:0:\"\";i:22;N;i:23;N;i:24;s:0:\"\";i:25;N;i:26;N;i:27;s:0:\"\";i:28;N;i:29;N;i:30;s:0:\"\";i:31;N;i:32;N;i:33;s:0:\"\";i:34;N;i:35;N;i:36;s:0:\"\";i:37;N;i:38;N;i:39;s:0:\"\";}i:19;a:40:{i:0;s:23:\"Database (All Channels)\";i:1;N;i:2;N;i:3;s:0:\"\";i:4;N;i:5;N;i:6;s:0:\"\";i:7;N;i:8;N;i:9;s:0:\"\";i:10;N;i:11;N;i:12;s:0:\"\";i:13;N;i:14;N;i:15;s:0:\"\";i:16;N;i:17;N;i:18;s:0:\"\";i:19;N;i:20;N;i:21;s:0:\"\";i:22;N;i:23;N;i:24;s:0:\"\";i:25;N;i:26;N;i:27;s:0:\"\";i:28;N;i:29;N;i:30;s:0:\"\";i:31;N;i:32;N;i:33;s:0:\"\";i:34;N;i:35;N;i:36;s:0:\"\";i:37;N;i:38;N;i:39;s:0:\"\";}i:20;a:40:{i:0;s:3:\"ILD\";i:1;N;i:2;N;i:3;s:0:\"\";i:4;N;i:5;N;i:6;s:0:\"\";i:7;N;i:8;N;i:9;s:0:\"\";i:10;N;i:11;N;i:12;s:0:\"\";i:13;N;i:14;N;i:15;s:0:\"\";i:16;N;i:17;N;i:18;s:0:\"\";i:19;N;i:20;N;i:21;s:0:\"\";i:22;N;i:23;N;i:24;s:0:\"\";i:25;N;i:26;N;i:27;s:0:\"\";i:28;N;i:29;N;i:30;s:0:\"\";i:31;N;i:32;N;i:33;s:0:\"\";i:34;N;i:35;N;i:36;s:0:\"\";i:37;N;i:38;N;i:39;s:0:\"\";}i:21;a:40:{i:0;s:16:\"Intergate System\";i:1;N;i:2;N;i:3;s:0:\"\";i:4;N;i:5;N;i:6;s:0:\"\";i:7;N;i:8;N;i:9;s:0:\"\";i:10;N;i:11;N;i:12;s:0:\"\";i:13;N;i:14;N;i:15;s:0:\"\";i:16;N;i:17;N;i:18;s:0:\"\";i:19;N;i:20;N;i:21;s:0:\"\";i:22;N;i:23;N;i:24;s:0:\"\";i:25;N;i:26;N;i:27;s:0:\"\";i:28;N;i:29;N;i:30;s:0:\"\";i:31;N;i:32;N;i:33;s:0:\"\";i:34;N;i:35;N;i:36;s:0:\"\";i:37;N;i:38;N;i:39;s:0:\"\";}i:22;a:40:{i:0;s:3:\"IVR\";i:1;N;i:2;N;i:3;s:0:\"\";i:4;N;i:5;N;i:6;s:0:\"\";i:7;N;i:8;N;i:9;s:0:\"\";i:10;N;i:11;N;i:12;s:0:\"\";i:13;N;i:14;N;i:15;s:0:\"\";i:16;N;i:17;N;i:18;s:0:\"\";i:19;N;i:20;N;i:21;s:0:\"\";i:22;N;i:23;N;i:24;s:0:\"\";i:25;N;i:26;N;i:27;s:0:\"\";i:28;N;i:29;N;i:30;s:0:\"\";i:31;N;i:32;N;i:33;s:0:\"\";i:34;N;i:35;N;i:36;s:0:\"\";i:37;N;i:38;N;i:39;s:0:\"\";}i:23;a:40:{i:0;s:23:\"IVR Queued Transactions\";i:1;N;i:2;N;i:3;s:0:\"\";i:4;N;i:5;N;i:6;s:0:\"\";i:7;N;i:8;N;i:9;s:0:\"\";i:10;N;i:11;N;i:12;s:0:\"\";i:13;N;i:14;N;i:15;s:0:\"\";i:16;N;i:17;N;i:18;s:0:\"\";i:19;N;i:20;N;i:21;s:0:\"\";i:22;N;i:23;N;i:24;s:0:\"\";i:25;N;i:26;N;i:27;s:0:\"\";i:28;N;i:29;N;i:30;s:0:\"\";i:31;N;i:32;N;i:33;s:0:\"\";i:34;N;i:35;N;i:36;s:0:\"\";i:37;N;i:38;N;i:39;s:0:\"\";}i:24;a:40:{i:0;s:10:\"JMS Server\";i:1;N;i:2;N;i:3;s:0:\"\";i:4;N;i:5;N;i:6;s:0:\"\";i:7;N;i:8;N;i:9;s:0:\"\";i:10;N;i:11;N;i:12;s:0:\"\";i:13;N;i:14;N;i:15;s:0:\"\";i:16;N;i:17;N;i:18;s:0:\"\";i:19;N;i:20;N;i:21;s:0:\"\";i:22;N;i:23;N;i:24;s:0:\"\";i:25;N;i:26;N;i:27;s:0:\"\";i:28;N;i:29;N;i:30;s:0:\"\";i:31;N;i:32;N;i:33;s:0:\"\";i:34;N;i:35;N;i:36;s:0:\"\";i:37;N;i:38;N;i:39;s:0:\"\";}i:25;a:40:{i:0;s:11:\"MIN Changes\";i:1;N;i:2;N;i:3;s:0:\"\";i:4;N;i:5;N;i:6;s:0:\"\";i:7;N;i:8;N;i:9;s:0:\"\";i:10;N;i:11;N;i:12;s:0:\"\";i:13;N;i:14;N;i:15;s:0:\"\";i:16;N;i:17;N;i:18;s:0:\"\";i:19;N;i:20;N;i:21;s:0:\"\";i:22;N;i:23;N;i:24;s:0:\"\";i:25;N;i:26;N;i:27;s:0:\"\";i:28;N;i:29;N;i:30;s:0:\"\";i:31;N;i:32;N;i:33;s:0:\"\";i:34;N;i:35;N;i:36;s:0:\"\";i:37;N;i:38;N;i:39;s:0:\"\";}i:26;a:40:{i:0;s:6:\"My CSP\";i:1;N;i:2;N;i:3;s:0:\"\";i:4;N;i:5;N;i:6;s:0:\"\";i:7;N;i:8;N;i:9;s:0:\"\";i:10;N;i:11;N;i:12;s:0:\"\";i:13;N;i:14;N;i:15;s:0:\"\";i:16;N;i:17;N;i:18;s:0:\"\";i:19;N;i:20;N;i:21;s:0:\"\";i:22;N;i:23;N;i:24;s:0:\"\";i:25;N;i:26;N;i:27;s:0:\"\";i:28;N;i:29;N;i:30;s:0:\"\";i:31;N;i:32;N;i:33;s:0:\"\";i:34;N;i:35;N;i:36;s:0:\"\";i:37;N;i:38;N;i:39;s:0:\"\";}i:27;a:40:{i:0;s:13:\"NET10 Website\";i:1;N;i:2;N;i:3;s:0:\"\";i:4;N;i:5;N;i:6;s:0:\"\";i:7;N;i:8;N;i:9;s:0:\"\";i:10;N;i:11;N;i:12;s:0:\"\";i:13;N;i:14;N;i:15;s:0:\"\";i:16;N;i:17;N;i:18;s:0:\"\";i:19;N;i:20;N;i:21;s:0:\"\";i:22;N;i:23;N;i:24;s:0:\"\";i:25;N;i:26;N;i:27;s:0:\"\";i:28;N;i:29;N;i:30;s:0:\"\";i:31;N;i:32;N;i:33;s:0:\"\";i:34;N;i:35;N;i:36;s:0:\"\";i:37;N;i:38;N;i:39;s:0:\"\";}i:28;a:40:{i:0;s:4:\"Port\";i:1;N;i:2;N;i:3;s:0:\"\";i:4;N;i:5;N;i:6;s:0:\"\";i:7;N;i:8;N;i:9;s:0:\"\";i:10;N;i:11;N;i:12;s:0:\"\";i:13;N;i:14;N;i:15;s:0:\"\";i:16;N;i:17;N;i:18;s:0:\"\";i:19;N;i:20;N;i:21;s:0:\"\";i:22;N;i:23;N;i:24;s:0:\"\";i:25;N;i:26;N;i:27;s:0:\"\";i:28;N;i:29;N;i:30;s:0:\"\";i:31;N;i:32;N;i:33;s:0:\"\";i:34;N;i:35;N;i:36;s:0:\"\";i:37;N;i:38;N;i:39;s:0:\"\";}i:29;a:40:{i:0;s:13:\"Power Failure\";i:1;N;i:2;N;i:3;s:0:\"\";i:4;N;i:5;N;i:6;s:0:\"\";i:7;N;i:8;N;i:9;s:0:\"\";i:10;N;i:11;N;i:12;s:0:\"\";i:13;N;i:14;N;i:15;s:0:\"\";i:16;N;i:17;N;i:18;s:0:\"\";i:19;N;i:20;N;i:21;s:0:\"\";i:22;N;i:23;N;i:24;s:0:\"\";i:25;N;i:26;N;i:27;s:0:\"\";i:28;N;i:29;N;i:30;s:0:\"\";i:31;N;i:32;N;i:33;s:0:\"\";i:34;N;i:35;N;i:36;s:0:\"\";i:37;N;i:38;N;i:39;s:0:\"\";}i:30;a:40:{i:0;s:10:\"Promotions\";i:1;N;i:2;N;i:3;s:0:\"\";i:4;N;i:5;N;i:6;s:0:\"\";i:7;N;i:8;N;i:9;s:0:\"\";i:10;N;i:11;N;i:12;s:0:\"\";i:13;N;i:14;N;i:15;s:0:\"\";i:16;N;i:17;N;i:18;s:0:\"\";i:19;N;i:20;N;i:21;s:0:\"\";i:22;N;i:23;N;i:24;s:0:\"\";i:25;N;i:26;N;i:27;s:0:\"\";i:28;N;i:29;N;i:30;s:0:\"\";i:31;N;i:32;N;i:33;s:0:\"\";i:34;N;i:35;N;i:36;s:0:\"\";i:37;N;i:38;N;i:39;s:0:\"\";}i:31;a:40:{i:0;s:11:\"Redemptions\";i:1;N;i:2;N;i:3;s:0:\"\";i:4;N;i:5;N;i:6;s:0:\"\";i:7;N;i:8;N;i:9;s:0:\"\";i:10;N;i:11;N;i:12;s:0:\"\";i:13;N;i:14;N;i:15;s:0:\"\";i:16;N;i:17;N;i:18;s:0:\"\";i:19;N;i:20;N;i:21;s:0:\"\";i:22;N;i:23;N;i:24;s:0:\"\";i:25;N;i:26;N;i:27;s:0:\"\";i:28;N;i:29;N;i:30;s:0:\"\";i:31;N;i:32;N;i:33;s:0:\"\";i:34;N;i:35;N;i:36;s:0:\"\";i:37;N;i:38;N;i:39;s:0:\"\";}i:32;a:40:{i:0;s:8:\"SafeLink\";i:1;N;i:2;N;i:3;s:0:\"\";i:4;N;i:5;N;i:6;s:0:\"\";i:7;N;i:8;N;i:9;s:0:\"\";i:10;N;i:11;N;i:12;s:0:\"\";i:13;N;i:14;N;i:15;s:0:\"\";i:16;N;i:17;N;i:18;s:0:\"\";i:19;N;i:20;N;i:21;s:0:\"\";i:22;N;i:23;N;i:24;s:0:\"\";i:25;N;i:26;N;i:27;s:0:\"\";i:28;N;i:29;N;i:30;s:0:\"\";i:31;N;i:32;N;i:33;s:0:\"\";i:34;N;i:35;N;i:36;s:0:\"\";i:37;N;i:38;N;i:39;s:0:\"\";}i:33;a:40:{i:0;s:16:\"SafeLink Website\";i:1;N;i:2;N;i:3;s:0:\"\";i:4;N;i:5;N;i:6;s:0:\"\";i:7;N;i:8;N;i:9;s:0:\"\";i:10;N;i:11;N;i:12;s:0:\"\";i:13;N;i:14;N;i:15;s:0:\"\";i:16;N;i:17;N;i:18;s:0:\"\";i:19;N;i:20;N;i:21;s:0:\"\";i:22;N;i:23;N;i:24;s:0:\"\";i:25;N;i:26;N;i:27;s:0:\"\";i:28;N;i:29;N;i:30;s:0:\"\";i:31;N;i:32;N;i:33;s:0:\"\";i:34;N;i:35;N;i:36;s:0:\"\";i:37;N;i:38;N;i:39;s:0:\"\";}i:34;a:40:{i:0;s:21:\"Simple Mobile Website\";i:1;N;i:2;N;i:3;s:0:\"\";i:4;N;i:5;N;i:6;s:0:\"\";i:7;N;i:8;N;i:9;s:0:\"\";i:10;N;i:11;N;i:12;s:0:\"\";i:13;N;i:14;N;i:15;s:0:\"\";i:16;N;i:17;N;i:18;s:0:\"\";i:19;N;i:20;N;i:21;s:0:\"\";i:22;N;i:23;N;i:24;s:0:\"\";i:25;N;i:26;N;i:27;s:0:\"\";i:28;N;i:29;N;i:30;s:0:\"\";i:31;N;i:32;N;i:33;s:0:\"\";i:34;N;i:35;N;i:36;s:0:\"\";i:37;N;i:38;N;i:39;s:0:\"\";}i:35;a:40:{i:0;s:6:\"Sprint\";i:1;N;i:2;N;i:3;s:0:\"\";i:4;N;i:5;N;i:6;s:0:\"\";i:7;N;i:8;N;i:9;s:0:\"\";i:10;N;i:11;N;i:12;s:0:\"\";i:13;N;i:14;N;i:15;s:0:\"\";i:16;N;i:17;N;i:18;s:0:\"\";i:19;N;i:20;N;i:21;s:0:\"\";i:22;N;i:23;N;i:24;s:0:\"\";i:25;N;i:26;N;i:27;s:0:\"\";i:28;N;i:29;N;i:30;s:0:\"\";i:31;N;i:32;N;i:33;s:0:\"\";i:34;N;i:35;N;i:36;s:0:\"\";i:37;N;i:38;N;i:39;s:0:\"\";}i:36;a:40:{i:0;s:21:\"Straight Talk Website\";i:1;N;i:2;N;i:3;s:0:\"\";i:4;N;i:5;N;i:6;s:0:\"\";i:7;N;i:8;N;i:9;s:0:\"\";i:10;N;i:11;N;i:12;s:0:\"\";i:13;N;i:14;N;i:15;s:0:\"\";i:16;N;i:17;N;i:18;s:0:\"\";i:19;N;i:20;N;i:21;s:0:\"\";i:22;N;i:23;N;i:24;s:0:\"\";i:25;N;i:26;N;i:27;s:0:\"\";i:28;N;i:29;N;i:30;s:0:\"\";i:31;N;i:32;N;i:33;s:0:\"\";i:34;N;i:35;N;i:36;s:0:\"\";i:37;N;i:38;N;i:39;s:0:\"\";}i:37;a:40:{i:0;s:8:\"Sure Pay\";i:1;N;i:2;N;i:3;s:0:\"\";i:4;N;i:5;N;i:6;s:0:\"\";i:7;N;i:8;N;i:9;s:0:\"\";i:10;N;i:11;N;i:12;s:0:\"\";i:13;N;i:14;N;i:15;s:0:\"\";i:16;N;i:17;N;i:18;s:0:\"\";i:19;N;i:20;N;i:21;s:0:\"\";i:22;N;i:23;N;i:24;s:0:\"\";i:25;N;i:26;N;i:27;s:0:\"\";i:28;N;i:29;N;i:30;s:0:\"\";i:31;N;i:32;N;i:33;s:0:\"\";i:34;N;i:35;N;i:36;s:0:\"\";i:37;N;i:38;N;i:39;s:0:\"\";}i:38;a:40:{i:0;s:3:\"TAS\";i:1;N;i:2;N;i:3;s:0:\"\";i:4;N;i:5;N;i:6;s:0:\"\";i:7;N;i:8;N;i:9;s:0:\"\";i:10;N;i:11;N;i:12;s:0:\"\";i:13;N;i:14;N;i:15;s:0:\"\";i:16;N;i:17;N;i:18;s:0:\"\";i:19;N;i:20;N;i:21;s:0:\"\";i:22;N;i:23;N;i:24;s:0:\"\";i:25;N;i:26;N;i:27;s:0:\"\";i:28;N;i:29;N;i:30;s:0:\"\";i:31;N;i:32;N;i:33;s:0:\"\";i:34;N;i:35;N;i:36;s:0:\"\";i:37;N;i:38;N;i:39;s:0:\"\";}i:39;a:40:{i:0;s:14:\"TelCel Website\";i:1;N;i:2;N;i:3;s:0:\"\";i:4;N;i:5;N;i:6;s:0:\"\";i:7;N;i:8;N;i:9;s:0:\"\";i:10;N;i:11;N;i:12;s:0:\"\";i:13;N;i:14;N;i:15;s:0:\"\";i:16;N;i:17;N;i:18;s:0:\"\";i:19;N;i:20;N;i:21;s:0:\"\";i:22;N;i:23;N;i:24;s:0:\"\";i:25;N;i:26;N;i:27;s:0:\"\";i:28;N;i:29;N;i:30;s:0:\"\";i:31;N;i:32;N;i:33;s:0:\"\";i:34;N;i:35;N;i:36;s:0:\"\";i:37;N;i:38;N;i:39;s:0:\"\";}i:40;a:40:{i:0;s:8:\"T-Mobile\";i:1;N;i:2;N;i:3;s:0:\"\";i:4;N;i:5;N;i:6;s:0:\"\";i:7;N;i:8;N;i:9;s:0:\"\";i:10;N;i:11;N;i:12;s:0:\"\";i:13;N;i:14;N;i:15;s:0:\"\";i:16;N;i:17;N;i:18;s:0:\"\";i:19;N;i:20;N;i:21;s:0:\"\";i:22;N;i:23;N;i:24;s:0:\"\";i:25;N;i:26;N;i:27;s:0:\"\";i:28;N;i:29;N;i:30;s:0:\"\";i:31;N;i:32;N;i:33;s:0:\"\";i:34;N;i:35;N;i:36;s:0:\"\";i:37;N;i:38;N;i:39;s:0:\"\";}i:41;a:40:{i:0;s:16:\"Toll-Free Number\";i:1;N;i:2;N;i:3;s:0:\"\";i:4;N;i:5;N;i:6;s:0:\"\";i:7;N;i:8;N;i:9;s:0:\"\";i:10;N;i:11;N;i:12;s:0:\"\";i:13;N;i:14;N;i:15;s:0:\"\";i:16;N;i:17;N;i:18;s:0:\"\";i:19;N;i:20;N;i:21;s:0:\"\";i:22;N;i:23;N;i:24;s:0:\"\";i:25;N;i:26;N;i:27;s:0:\"\";i:28;N;i:29;N;i:30;s:0:\"\";i:31;N;i:32;N;i:33;s:0:\"\";i:34;N;i:35;N;i:36;s:0:\"\";i:37;N;i:38;N;i:39;s:0:\"\";}i:42;a:40:{i:0;s:11:\"Trac-N-Save\";i:1;N;i:2;N;i:3;s:0:\"\";i:4;N;i:5;N;i:6;s:0:\"\";i:7;N;i:8;N;i:9;s:0:\"\";i:10;N;i:11;N;i:12;s:0:\"\";i:13;N;i:14;N;i:15;s:0:\"\";i:16;N;i:17;N;i:18;s:0:\"\";i:19;N;i:20;N;i:21;s:0:\"\";i:22;N;i:23;N;i:24;s:0:\"\";i:25;N;i:26;N;i:27;s:0:\"\";i:28;N;i:29;N;i:30;s:0:\"\";i:31;N;i:32;N;i:33;s:0:\"\";i:34;N;i:35;N;i:36;s:0:\"\";i:37;N;i:38;N;i:39;s:0:\"\";}i:43;a:40:{i:0;s:16:\"TracFone Website\";i:1;N;i:2;N;i:3;s:0:\"\";i:4;N;i:5;N;i:6;s:0:\"\";i:7;N;i:8;N;i:9;s:0:\"\";i:10;N;i:11;N;i:12;s:0:\"\";i:13;N;i:14;N;i:15;s:0:\"\";i:16;N;i:17;N;i:18;s:0:\"\";i:19;N;i:20;N;i:21;s:0:\"\";i:22;N;i:23;N;i:24;s:0:\"\";i:25;N;i:26;N;i:27;s:0:\"\";i:28;N;i:29;N;i:30;s:0:\"\";i:31;N;i:32;N;i:33;s:0:\"\";i:34;N;i:35;N;i:36;s:0:\"\";i:37;N;i:38;N;i:39;s:0:\"\";}i:44;a:40:{i:0;s:14:\"Transfer Rates\";i:1;N;i:2;N;i:3;s:0:\"\";i:4;N;i:5;N;i:6;s:0:\"\";i:7;N;i:8;N;i:9;s:0:\"\";i:10;N;i:11;N;i:12;s:0:\"\";i:13;N;i:14;N;i:15;s:0:\"\";i:16;N;i:17;N;i:18;s:0:\"\";i:19;N;i:20;N;i:21;s:0:\"\";i:22;N;i:23;N;i:24;s:0:\"\";i:25;N;i:26;N;i:27;s:0:\"\";i:28;N;i:29;N;i:30;s:0:\"\";i:31;N;i:32;N;i:33;s:0:\"\";i:34;N;i:35;N;i:36;s:0:\"\";i:37;N;i:38;N;i:39;s:0:\"\";}i:45;a:40:{i:0;s:23:\"Universal Dealer Portal\";i:1;N;i:2;N;i:3;s:0:\"\";i:4;N;i:5;N;i:6;s:0:\"\";i:7;N;i:8;N;i:9;s:0:\"\";i:10;N;i:11;N;i:12;s:0:\"\";i:13;N;i:14;N;i:15;s:0:\"\";i:16;N;i:17;N;i:18;s:0:\"\";i:19;N;i:20;N;i:21;s:0:\"\";i:22;N;i:23;N;i:24;s:0:\"\";i:25;N;i:26;N;i:27;s:0:\"\";i:28;N;i:29;N;i:30;s:0:\"\";i:31;N;i:32;N;i:33;s:0:\"\";i:34;N;i:35;N;i:36;s:0:\"\";i:37;N;i:38;N;i:39;s:0:\"\";}i:46;a:40:{i:0;s:7:\"Upgrade\";i:1;N;i:2;N;i:3;s:0:\"\";i:4;N;i:5;N;i:6;s:0:\"\";i:7;N;i:8;N;i:9;s:0:\"\";i:10;N;i:11;N;i:12;s:0:\"\";i:13;N;i:14;N;i:15;s:0:\"\";i:16;N;i:17;N;i:18;s:0:\"\";i:19;N;i:20;N;i:21;s:0:\"\";i:22;N;i:23;N;i:24;s:0:\"\";i:25;N;i:26;N;i:27;s:0:\"\";i:28;N;i:29;N;i:30;s:0:\"\";i:31;N;i:32;N;i:33;s:0:\"\";i:34;N;i:35;N;i:36;s:0:\"\";i:37;N;i:38;N;i:39;s:0:\"\";}i:47;a:40:{i:0;s:11:\"US Cellular\";i:1;N;i:2;N;i:3;s:0:\"\";i:4;N;i:5;N;i:6;s:0:\"\";i:7;N;i:8;N;i:9;s:0:\"\";i:10;N;i:11;N;i:12;s:0:\"\";i:13;N;i:14;N;i:15;s:0:\"\";i:16;N;i:17;N;i:18;s:0:\"\";i:19;s:1:\"1\";i:20;s:1:\"0\";i:21;s:0:\"\";i:22;N;i:23;N;i:24;s:0:\"\";i:25;N;i:26;N;i:27;s:0:\"\";i:28;N;i:29;N;i:30;s:0:\"\";i:31;N;i:32;N;i:33;s:0:\"\";i:34;N;i:35;N;i:36;s:0:\"\";i:37;i:1;i:38;i:0;i:39;s:0:\"\";}i:48;a:40:{i:0;s:7:\"Verizon\";i:1;N;i:2;N;i:3;s:0:\"\";i:4;N;i:5;N;i:6;s:0:\"\";i:7;N;i:8;N;i:9;s:0:\"\";i:10;N;i:11;N;i:12;s:0:\"\";i:13;N;i:14;N;i:15;s:0:\"\";i:16;N;i:17;N;i:18;s:0:\"\";i:19;s:1:\"1\";i:20;s:1:\"0\";i:21;s:0:\"\";i:22;N;i:23;N;i:24;s:0:\"\";i:25;N;i:26;N;i:27;s:0:\"\";i:28;N;i:29;N;i:30;s:0:\"\";i:31;N;i:32;N;i:33;s:0:\"\";i:34;N;i:35;N;i:36;s:0:\"\";i:37;i:1;i:38;i:0;i:39;s:0:\"\";}i:49;a:40:{i:0;s:6:\"WebCSR\";i:1;N;i:2;N;i:3;s:0:\"\";i:4;N;i:5;N;i:6;s:0:\"\";i:7;N;i:8;N;i:9;s:0:\"\";i:10;N;i:11;N;i:12;s:0:\"\";i:13;N;i:14;N;i:15;s:0:\"\";i:16;N;i:17;N;i:18;s:0:\"\";i:19;s:1:\"2\";i:20;s:1:\"0\";i:21;s:0:\"\";i:22;N;i:23;N;i:24;s:0:\"\";i:25;N;i:26;N;i:27;s:0:\"\";i:28;N;i:29;N;i:30;s:0:\"\";i:31;N;i:32;N;i:33;s:0:\"\";i:34;N;i:35;N;i:36;s:0:\"\";i:37;i:2;i:38;i:0;i:39;s:0:\"\";}i:50;a:40:{i:0;s:7:\"ZED USA\";i:1;N;i:2;N;i:3;s:0:\"\";i:4;N;i:5;N;i:6;s:0:\"\";i:7;N;i:8;N;i:9;s:0:\"\";i:10;N;i:11;N;i:12;s:0:\"\";i:13;N;i:14;N;i:15;s:0:\"\";i:16;N;i:17;N;i:18;s:0:\"\";i:19;s:1:\"2\";i:20;s:1:\"0\";i:21;s:0:\"\";i:22;N;i:23;N;i:24;s:0:\"\";i:25;N;i:26;N;i:27;s:0:\"\";i:28;N;i:29;N;i:30;s:0:\"\";i:31;N;i:32;N;i:33;s:0:\"\";i:34;N;i:35;N;i:36;s:0:\"\";i:37;i:3;i:38;i:0;i:39;s:4:\"0:45\";}i:51;a:40:{i:0;s:5:\"OTHER\";i:1;N;i:2;N;i:3;s:0:\"\";i:4;N;i:5;N;i:6;s:0:\"\";i:7;N;i:8;N;i:9;s:0:\"\";i:10;N;i:11;N;i:12;s:0:\"\";i:13;N;i:14;N;i:15;s:0:\"\";i:16;N;i:17;N;i:18;s:0:\"\";i:19;s:1:\"3\";i:20;s:1:\"1\";i:21;s:0:\"\";i:22;N;i:23;N;i:24;s:0:\"\";i:25;N;i:26;N;i:27;s:0:\"\";i:28;N;i:29;N;i:30;s:0:\"\";i:31;N;i:32;N;i:33;s:0:\"\";i:34;N;i:35;N;i:36;s:0:\"\";i:37;i:3;i:38;i:1;i:39;s:0:\"\";}i:52;a:40:{i:0;s:11:\"Grand Total\";i:1;N;i:2;N;i:3;s:0:\"\";i:4;N;i:5;N;i:6;s:0:\"\";i:7;N;i:8;N;i:9;s:0:\"\";i:10;N;i:11;N;i:12;s:0:\"\";i:13;N;i:14;N;i:15;s:0:\"\";i:16;N;i:17;N;i:18;s:0:\"\";i:19;i:20;i:20;i:57;i:21;s:5:\"15:30\";i:22;N;i:23;N;i:24;s:0:\"\";i:25;N;i:26;N;i:27;s:0:\"\";i:28;N;i:29;N;i:30;s:0:\"\";i:31;N;i:32;N;i:33;s:0:\"\";i:34;N;i:35;N;i:36;s:0:\"\";i:37;s:0:\"\";i:38;s:0:\"\";i:39;s:0:\"\";}}}}');

/*Table structure for table `system_impacting` */

DROP TABLE IF EXISTS `system_impacting`;

CREATE TABLE `system_impacting` (
  `id` int(11) NOT NULL auto_increment,
  `desc` varchar(30) default NULL,
  `disable` smallint(6) default '0',
  PRIMARY KEY  (`id`)
) ENGINE=MyISAM AUTO_INCREMENT=52 DEFAULT CHARSET=latin1;

/*Data for the table `system_impacting` */

insert  into `system_impacting`(`id`,`desc`,`disable`) values (1,'3CI',0),(2,'Activations',0),(3,'Aircash',0),(4,'Airtime Purchases',0),(5,'Alltel',0),(6,'Apex',0),(7,'AT&T',0),(8,'Auris',0),(9,'AutoRefill Transactions',0),(10,'Avaya',0),(11,'BI JOB FAILURE',0),(12,'Billing Credit Card Transactio',0),(13,'Bright Point',0),(14,'BYOP',0),(15,'Call Center Network',0),(16,'Citrix',0),(17,'Claro',0),(18,'Cybersource',0),(19,'Database (All Channels)',0),(20,'ILD',0),(21,'Intergate System',0),(22,'IVR',0),(23,'IVR Queued Transactions',0),(24,'JMS Server',0),(25,'MIN Changes',0),(26,'My CSP',0),(27,'NET10 Website',0),(28,'Port',0),(29,'Power Failure',0),(30,'Promotions',0),(31,'Redemptions',0),(32,'SafeLink',0),(33,'SafeLink Website',0),(34,'Simple Mobile Website',0),(35,'Sprint',0),(36,'Straight Talk Website',0),(37,'Sure Pay',0),(38,'TAS',0),(39,'TelCel Website',0),(40,'T-Mobile',0),(41,'Toll-Free Number',0),(42,'Trac-N-Save',0),(43,'TracFone Website',0),(44,'Transfer Rates',0),(45,'Universal Dealer Portal',0),(46,'Upgrade',0),(47,'US Cellular',0),(48,'Verizon',0),(49,'WebCSR',0),(50,'ZED USA',0),(51,'OTHER',0);

/*Table structure for table `tbl_from` */

DROP TABLE IF EXISTS `tbl_from`;

CREATE TABLE `tbl_from` (
  `id` int(11) NOT NULL auto_increment,
  `desc` varchar(30) default NULL,
  `disable` smallint(6) default '0',
  `ordering` int(11) default '0',
  PRIMARY KEY  (`id`)
) ENGINE=MyISAM AUTO_INCREMENT=7 DEFAULT CHARSET=latin1;

/*Data for the table `tbl_from` */

insert  into `tbl_from`(`id`,`desc`,`disable`,`ordering`) values (1,'America Movil',0,1),(2,'FJ Pollak',0,2),(3,'Gustavo Blanco',0,3),(4,'Mark Mahan',0,5),(5,'Steve Ritter',0,4),(6,'Walmart',0,6);

/*Table structure for table `users` */

DROP TABLE IF EXISTS `users`;

CREATE TABLE `users` (
  `id` int(11) NOT NULL auto_increment,
  `role_id` int(11) NOT NULL default '4',
  `centerid` int(11) default NULL,
  `username` varchar(25) NOT NULL,
  `password` varchar(34) NOT NULL,
  `fullname` varchar(60) default NULL,
  `fname` varchar(30) default NULL,
  `lname` varchar(30) default NULL,
  `access` varchar(100) default NULL,
  `isVisible` smallint(6) default '1',
  `isSuper` smallint(6) default '0',
  `email` varchar(100) default NULL,
  `banned` tinyint(1) NOT NULL default '0',
  `ban_reason` varchar(255) default NULL,
  `newpass` varchar(34) default NULL,
  `newpass_key` varchar(32) default NULL,
  `newpass_time` datetime default NULL,
  `last_ip` varchar(40) default NULL,
  `last_login` datetime default '0000-00-00 00:00:00',
  `created` timestamp NOT NULL default CURRENT_TIMESTAMP,
  `modified` datetime default NULL,
  PRIMARY KEY  (`id`),
  UNIQUE KEY `NewIndex1` (`username`)
) ENGINE=MyISAM AUTO_INCREMENT=45 DEFAULT CHARSET=latin1;

/*Data for the table `users` */

insert  into `users`(`id`,`role_id`,`centerid`,`username`,`password`,`fullname`,`fname`,`lname`,`access`,`isVisible`,`isSuper`,`email`,`banned`,`ban_reason`,`newpass`,`newpass_key`,`newpass_time`,`last_ip`,`last_login`,`created`,`modified`) values (1,1,7,'admin','t0ba@2013',NULL,'Admin','Admin','1,2,3,4,5',0,1,'admin@localhost.com',0,NULL,NULL,NULL,NULL,'10.249.96.44','2013-06-18 10:39:57','2008-11-30 04:56:32','2013-06-12 12:32:54'),(2,1,7,'belron','t0ba','Ron Garon','User','User','1,2',0,1,'user@localhost.com',0,NULL,NULL,NULL,'0000-00-00 00:00:00','10.249.96.37','2013-07-10 10:02:35','2008-12-01 14:01:53','2013-06-28 17:11:17'),(3,1,1,'escalation','escalation','Escalation User','','','1,2,3,5',0,0,'',1,NULL,NULL,NULL,'0000-00-00 00:00:00','10.249.96.44','2013-06-18 10:41:02','2011-11-14 05:27:19','2013-06-13 10:08:23'),(11,1,1,'manager','_12345','Manager',NULL,NULL,'',0,1,NULL,0,NULL,NULL,NULL,'0000-00-00 00:00:00','10.249.96.37','2013-06-18 15:03:20','0000-00-00 00:00:00','2013-06-18 15:03:09'),(12,4,1,'aacosta','abc123','Alex Acosta',NULL,NULL,'2',0,0,NULL,0,NULL,NULL,NULL,NULL,'::1','2013-06-24 09:31:59','0000-00-00 00:00:00','2013-06-13 14:43:08'),(13,3,1,'aaleman','abc123','Angel Aleman',NULL,NULL,'1,2',0,1,NULL,0,NULL,NULL,NULL,NULL,'10.249.96.37','2013-06-13 14:50:02','2013-06-13 14:44:26',NULL),(14,4,1,'eamador','abc123','Eduardo Amador',NULL,NULL,'2',0,0,NULL,0,NULL,NULL,NULL,NULL,'10.249.96.37','2013-06-13 14:50:16','2013-06-13 14:44:55',NULL),(15,4,1,'ealexis','abc123','Everson Alexis',NULL,NULL,'2',0,0,NULL,0,NULL,NULL,NULL,'0000-00-00 00:00:00','10.249.96.37','2013-06-13 14:51:02','2013-06-13 14:45:11','2013-06-13 14:51:22'),(16,4,1,'gsmith','abc123','Glenn Smith',NULL,NULL,'2',0,0,NULL,0,NULL,NULL,NULL,NULL,'10.249.96.37','2013-06-13 14:53:46','2013-06-13 14:45:34',NULL),(17,4,1,'jlouis','abc123','Joachim Louis',NULL,NULL,'2',0,0,NULL,0,NULL,NULL,NULL,NULL,'10.249.96.37','2013-06-13 17:10:45','2013-06-13 14:45:49',NULL),(18,4,1,'jmedina','abc123','John Medina',NULL,NULL,'2',0,0,NULL,0,NULL,NULL,NULL,NULL,'10.249.96.37','2013-06-13 14:54:18','2013-06-13 14:46:02',NULL),(19,3,1,'mromero','abc123','Maria Romero',NULL,NULL,'1,2',1,1,NULL,0,NULL,NULL,NULL,NULL,'::1','2013-07-05 19:32:30','2013-06-13 14:46:17',NULL),(21,3,1,'evega','abc123','Elizabeth Vega',NULL,NULL,'1,2',1,1,NULL,0,NULL,NULL,NULL,NULL,'10.249.96.37','2013-06-13 14:55:14','2013-06-13 14:47:00',NULL),(23,3,1,'cgarcia','abc123','Carmen Garcia',NULL,NULL,'1,2',1,1,NULL,0,NULL,NULL,NULL,NULL,NULL,'0000-00-00 00:00:00','2013-06-13 17:07:34',NULL),(24,3,1,'jzimmerman','abc123','Jim Zimmerman',NULL,NULL,'1,2',1,1,NULL,0,NULL,NULL,NULL,NULL,NULL,'0000-00-00 00:00:00','2013-06-13 17:07:34',NULL),(25,3,1,'mmahan','abc123','Mark Mahan',NULL,NULL,'1,2',1,1,NULL,0,NULL,NULL,NULL,NULL,NULL,'0000-00-00 00:00:00','2013-06-13 17:07:34',NULL),(26,3,1,'sritter','abc123','Steve Ritter',NULL,NULL,'1,2',1,1,NULL,0,NULL,NULL,NULL,NULL,NULL,'0000-00-00 00:00:00','2013-06-13 17:07:36',NULL),(27,3,1,'rrichards','abc123','Randall Richards',NULL,NULL,'1,2',1,1,NULL,0,NULL,NULL,NULL,NULL,NULL,'0000-00-00 00:00:00','2013-06-13 17:07:36',NULL),(28,3,1,'jbelstock','abc123','Joy Belstock',NULL,NULL,'1,2',1,1,NULL,0,NULL,NULL,NULL,NULL,NULL,'0000-00-00 00:00:00','2013-06-13 17:07:37',NULL),(29,3,1,'kfilardi','abc123','Kim Filardi',NULL,NULL,'1,2',1,1,NULL,0,NULL,NULL,NULL,NULL,NULL,'0000-00-00 00:00:00','2013-06-13 17:07:37',NULL),(30,3,1,'rjay','abc123','Rommel Jay',NULL,NULL,'1,2',1,1,NULL,0,NULL,NULL,NULL,NULL,NULL,'0000-00-00 00:00:00','2013-06-13 17:07:38',NULL);

/*!40101 SET SQL_MODE=@OLD_SQL_MODE */;
/*!40014 SET FOREIGN_KEY_CHECKS=@OLD_FOREIGN_KEY_CHECKS */;
